,ID,General.All.ID,General.All.rtmed,General.All.mzmed,General.All.annot_ms1,General.All.annot_ms2,General.Extended.mzmin,General.Extended.mzmax,General.Extended.rtmin,General.Extended.rtmax,General.Extended.npeaks,General.Extended.peakidx,General.Extended.ms2spectrum,General.Extended.purity,PCA_filled.All_samples.PC1..57.8..,PCA_filled.All_samples.PC2..11.5..,PCA_filled.All_samples.PC3..7.1..,PCA_filled.All_samples.PC4..5.6..,PCA_filled.All_samples.PC5..4.2..,PCA_filled.All_samples.PC6..2.4..,PCA_filled.samples.PC1..61.5..,PCA_filled.samples.PC2..11.5..,PCA_filled.samples.PC3..7.4..,PCA_filled.samples.PC4..5.8..,PCA_filled.samples.PC5..2.6..,PCA_filled.samples.PC6..1.9..,PCA_filled.samples.PC7..1.7..,PCA_filled.samples.PC8..1.6..,PCA_filled.samples.PC9..1.4..,PCA_filled.samples.PC10..1.4..,PCA_filled.samples.PC11..1.2..,PCA_filled.samples.PC12..1.1..,PCA_filled.samples.PC13..0.9..,PCA_filled.samples.PC14..0..,PCA_nofill.All_samples.PC1..57.2..,PCA_nofill.All_samples.PC2..10.5..,PCA_nofill.All_samples.PC3..7.4..,PCA_nofill.All_samples.PC4..5.3..,PCA_nofill.All_samples.PC5..4.3..,PCA_nofill.All_samples.PC6..2.6..,PCA_nofill.samples.PC1..60.7..,PCA_nofill.samples.PC2..10.7..,PCA_nofill.samples.PC3..7.8..,PCA_nofill.samples.PC4..5.5..,PCA_nofill.samples.PC5..2.9..,PCA_nofill.samples.PC6..2.1..,PCA_nofill.samples.PC7..1.8..,PCA_nofill.samples.PC8..1.8..,PCA_nofill.samples.PC9..1.6..,PCA_nofill.samples.PC10..1.5..,PCA_nofill.samples.PC11..1.3..,PCA_nofill.samples.PC12..1.2..,PCA_nofill.samples.PC13..1..,PCA_nofill.samples.PC14..0..,Stats.Mean.DMSO_SP,Stats.N.value.DMSO_SP,Stats.Quantile.DMSO_SP,Stats.Mean.DMSO_EP,Stats.N.value.DMSO_EP,Stats.Quantile.DMSO_EP,Stats.Mean.I_EP,Stats.N.value.I_EP,Stats.Quantile.I_EP,Stats.Mean.DMSO_I,Stats.N.value.DMSO_I,Stats.Quantile.DMSO_I,Stats.Mean.QC_QC,Stats.N.value.QC_QC,Stats.Quantile.QC_QC,ttest.DMSO_SP_vs_DMSO_EP.pvalue,ttest.DMSO_SP_vs_DMSO_EP.log.pvalue,ttest.DMSO_SP_vs_DMSO_EP.fdr,ttest.DMSO_SP_vs_DMSO_EP.log.fdr,ttest.DMSO_SP_vs_DMSO_EP.mean.diff,ttest.DMSO_SP_vs_I_EP.pvalue,ttest.DMSO_SP_vs_I_EP.log.pvalue,ttest.DMSO_SP_vs_I_EP.fdr,ttest.DMSO_SP_vs_I_EP.log.fdr,ttest.DMSO_SP_vs_I_EP.mean.diff,ttest.DMSO_SP_vs_DMSO_I.pvalue,ttest.DMSO_SP_vs_DMSO_I.log.pvalue,ttest.DMSO_SP_vs_DMSO_I.fdr,ttest.DMSO_SP_vs_DMSO_I.log.fdr,ttest.DMSO_SP_vs_DMSO_I.mean.diff,ttest.DMSO_SP_vs_QC_QC.pvalue,ttest.DMSO_SP_vs_QC_QC.log.pvalue,ttest.DMSO_SP_vs_QC_QC.fdr,ttest.DMSO_SP_vs_QC_QC.log.fdr,ttest.DMSO_SP_vs_QC_QC.mean.diff,ttest.DMSO_EP_vs_I_EP.pvalue,ttest.DMSO_EP_vs_I_EP.log.pvalue,ttest.DMSO_EP_vs_I_EP.fdr,ttest.DMSO_EP_vs_I_EP.log.fdr,ttest.DMSO_EP_vs_I_EP.mean.diff,ttest.DMSO_EP_vs_DMSO_I.pvalue,ttest.DMSO_EP_vs_DMSO_I.log.pvalue,ttest.DMSO_EP_vs_DMSO_I.fdr,ttest.DMSO_EP_vs_DMSO_I.log.fdr,ttest.DMSO_EP_vs_DMSO_I.mean.diff,ttest.DMSO_EP_vs_QC_QC.pvalue,ttest.DMSO_EP_vs_QC_QC.log.pvalue,ttest.DMSO_EP_vs_QC_QC.fdr,ttest.DMSO_EP_vs_QC_QC.log.fdr,ttest.DMSO_EP_vs_QC_QC.mean.diff,ttest.I_EP_vs_DMSO_I.pvalue,ttest.I_EP_vs_DMSO_I.log.pvalue,ttest.I_EP_vs_DMSO_I.fdr,ttest.I_EP_vs_DMSO_I.log.fdr,ttest.I_EP_vs_DMSO_I.mean.diff,ttest.I_EP_vs_QC_QC.pvalue,ttest.I_EP_vs_QC_QC.log.pvalue,ttest.I_EP_vs_QC_QC.fdr,ttest.I_EP_vs_QC_QC.log.fdr,ttest.I_EP_vs_QC_QC.mean.diff,ttest.DMSO_I_vs_QC_QC.pvalue,ttest.DMSO_I_vs_QC_QC.log.pvalue,ttest.DMSO_I_vs_QC_QC.fdr,ttest.DMSO_I_vs_QC_QC.log.fdr,ttest.DMSO_I_vs_QC_QC.mean.diff
0,FT0001,FT0001,37.2884725664449,57.9759785890976,,NI,57.9757470980142,57.9761746890616,36.0277419937374,38.2219763289889,10,2390;3576;4710;5929;11038;12398;13771;15121;17686;18978;20280;21417;27831;28955;30088;35568,,0.0,-0.004936447371195,0.065561458553963,0.002796608498373,0.018544018911743,-0.032676519494639,-0.002451197592368,-0.004310657944415,0.067329672988515,0.010953470708976,0.031103418372484,-0.000645158354915,-0.016049971964272,-0.001527889185996,0.006294969951177,0.006392083206066,-0.001171836468874,0.026285978449466,0.007538999207894,0.028625464411383,-0.267091572458872,-0.004877704030777,0.071303386668602,0.003951674018516,0.039791342181111,-0.034148330847198,-0.002671633348091,-0.0042436710138,0.071272385193509,0.00892887640692,0.051787809265489,0.000301374045662,-0.017130523732698,-0.003348556454736,-0.001564666483021,0.005559472848894,-0.000415239586895,-0.030233905891106,0.002165215133419,0.026595369081829,-0.212398268619386,4.41392356592016,4,0.362133112856552,4.58224120516523,3,0.498553121124432,5.25676417010941,3,0.880115750310046,5.63348644374312,4,0.946258784621745,5.21066033820671,2,0.88342290202563,0.196709923632674,0.706173730216917,0.275745160806516,0.559492100477865,-0.168317639245073,0.000883248515825,3.05391708366336,0.003392477253964,2.46948305553587,-0.842840604189257,1.56037546392906e-05,4.80677088735537,0.001092657789706,2.96151583376238,-1.21956287782297,0.001923170072823,2.71598230784543,0.018099082780207,1.74234343361636,-0.796736772286549,0.007374782108908,2.13225080657651,0.052107788811297,1.28309735568427,-0.674522964944184,0.000190687844695,3.71967698996383,0.00106576840515,2.97233715862347,-1.05124523857789,0.013037258984466,1.88481370715094,0.03518131776013,1.45368789753249,-0.628419133041477,0.021530742363856,1.66694099577019,0.045174581458383,1.3451058624783,-0.37672227363371,0.750712584908958,0.124526303581192,0.831767280128507,0.07999816781231,0.046103831902707,0.013685944121592,1.86372523751913,0.072799512079158,1.13787153142926,0.422826105536418
1,FT0002,FT0002,57.4807288200439,61.9889820648466,Peroxynitrite,1,61.9887038057083,61.989420135733,56.5216788323581,59.371191703916,16,1;1280;2392;3577;4713;5930;7119;8428;9726;11039;12399;13772;15122;16488;17687;18979,,0.0,0.004900658483774,-0.002694874088479,-0.008413046107027,0.001296925488614,-0.007784642067922,0.008707690172987,0.0046107638266,-0.000444878552423,-0.00707846982237,0.002720967649639,-0.009993069990607,0.010263575286227,0.007696917750624,0.007883410553644,0.00020428420163,0.010632392660714,0.002378818647544,0.009855582156509,0.007600855041425,0.042445877932188,0.00538867582285,-0.002874153192885,-0.008978246690786,-0.001300934070021,-0.008919566340078,0.008528967855908,0.005075082381569,-0.000696530679288,-0.007809492791901,0.00146214944799,-0.010172325217494,0.009416703336891,-0.005846945969938,-0.010227543795289,0.002477211642632,-0.012066250788641,-0.005245335695685,-0.008512662415468,0.007754640936574,0.03552821387909,6.40660256740218,4,0.98677139313766,6.60081229184,3,0.987598181066556,6.53382088150043,3,0.988424968995453,6.4151330924021,4,0.985117817279868,6.32467033337264,2,0.98470442331542,0.057182356502375,1.24273795120101,0.09709044669293,1.01282350080938,-0.19420972443782,0.039397456635652,1.4045318138281,0.07351291987378,1.1336363270819,-0.127218314098247,0.881003360249521,0.05502243513501,0.95805143724622,0.018611173267484,-0.008530524999925,0.187089591794478,0.727950372585278,0.378149675774747,0.422336267631481,0.081932234029543,0.475910881170038,0.322474365430113,0.693645970276773,0.158862132406187,0.066991410339573,0.079549635690793,1.09936180492803,0.128245127376232,0.891959126752719,0.185679199437895,0.078314117958785,1.10615993910549,0.13800972347566,0.860090314301228,0.276141958467362,0.083739371487764,1.07707030306289,0.139155132031138,0.856500772285711,0.118687789098322,0.009281995410453,2.03235865065683,0.038067325945788,1.41944762930007,0.20915054812779,0.232481567790718,0.633611474275571,0.458052446783979,0.339084792640611,0.090462759029467
2,FT0003,FT0003,445.402697918102,62.9641488125175,Carbon monoxide,1,62.9637005161477,62.9643698664965,443.344980413162,446.53719177846,16,2;1281;2393;3578;4714;5931;7120;8429;9727;11040;12400;13773;15123;16489;17688;18980,,0.0,-0.002280332796756,-0.002164453010828,-0.00348384202053,-0.001046137384797,-0.006177288188173,-0.001318437983874,-0.002486541151818,-0.000559938437417,-0.002194317827484,0.000509030007448,-0.000366465850085,-0.002345336682847,-0.006764464458545,0.003591998917916,-0.001764328043012,-0.004591001502583,-0.000627386066656,-0.002571905800205,0.003730400643047,-0.071331428838693,-0.00250629076624,-0.002052691333459,-0.003337994656292,-0.00185015557315,-0.007054059254422,-0.001452691076969,-0.002727285541951,-0.000539190504111,-0.002358251073286,0.000527383440158,-0.000472185510095,-0.002772215193572,0.007652849679801,-0.002153962514658,-0.001980460645385,0.004327080775402,0.001441259161651,0.002376129070659,0.003995274562081,-0.103213495362585,4.9646815556707,4,0.787102108309219,4.89634430223146,3,0.718892104175279,4.86458205640952,3,0.723852831748656,4.96173032370171,4,0.778834229020256,4.84304257366486,2,0.726746589499793,0.029486230993102,1.53038073655324,0.05600005966835,1.25181151025056,0.068337253439244,0.006001130880188,2.22176690149193,0.01568914437848,1.80440074040522,0.100099499261185,0.924646166582296,0.034024426503176,0.976143780033309,0.010486208689742,0.002951231968998,0.021656517133093,1.66441138665354,0.081331494154408,1.0897412491304,0.121638982005848,0.067795128030977,1.16880151476549,0.215464387951916,0.666624499953482,0.031762245821942,0.079683117817276,1.0986336813069,0.128245127376232,0.891959126752719,-0.065386021470245,0.150480115491316,0.822520884142805,0.233140975797127,0.632381390148841,0.053301728566605,0.020956657770921,1.67867797872007,0.04416531873037,1.35491863101806,-0.097148267292187,0.47267066213879,0.325441352777773,0.618924180270453,0.208362549860278,0.021539482744663,0.045468230059033,1.34229195123927,0.157856446067428,0.801737678995999,0.11868775003685
3,FT0004,FT0004,72.8664280937209,63.9651870409891,,NI,63.9622723604286,63.9697634083515,70.9831378640056,73.5270264663424,5,3;1282;7121;9728;16490;22725;23988;25300;26563;28956;31198;32304;33380;34478;36789;37926,63.96159;63.99259|623;207,1.0,-0.000279707941711,0.024491128153098,0.00285127116287,0.009948972295124,-0.014157377047208,0.009364445496346,-6.28490055321439e-05,0.025054363753774,0.005770743783969,0.015340168624344,-0.009747929878495,0.017842644674353,0.022957649176543,0.007417561490351,0.029849044627293,0.041515739758568,0.005808759989528,0.003544997116008,0.012564495349953,-0.016555537025468,-0.000101662090829,0.026171058786938,0.00273290348244,0.017141407104437,-0.014171714078857,0.010259088937667,0.000114390824701,0.026107137562426,0.004543984919765,0.022090211267405,-0.010270021870819,0.017221507058006,-0.025543533487097,-0.009259888296219,0.039187263683915,-0.036774275740575,-0.010546824314483,-0.000407926980268,0.010839499864627,0.109628981734121,4.65174523016958,4,0.572550640760645,4.80868251826489,3,0.667217858619264,5.03574461257796,3,0.805704836709384,5.1655420668937,4,0.864406779661017,4.98573436852341,2,0.806945018602728,0.433152137508551,0.363359538113924,0.527715097688896,0.277600480677562,-0.156937288095316,0.036313040792857,1.43993738247614,0.068763498506753,1.1626420356568,-0.383999382408387,0.003987774290829,2.39926943085722,0.086743237096846,1.06176437481966,-0.513796836724118,0.115052893122999,0.939102456077858,0.266998965424814,0.573490421448776,-0.333989138353836,0.227739709236584,0.642561238165014,0.452231452821305,0.344639235640148,-0.227062094313071,0.043092481324478,1.36559849791668,0.0762385910606,1.11782513834377,-0.356859548628802,0.440314639847052,0.356236874615214,0.55173075843487,0.258272803886786,-0.17705185025852,0.031282524195559,1.50469821085601,0.061993571988434,1.20765333944817,-0.129797454315731,0.399323387185544,0.398675253722034,0.550624116932316,0.259144770746451,0.050010244054551,0.0078313157958,2.10616526286587,0.051472127655137,1.28842787935451,0.179807698370282
4,FT0005,FT0005,104.928321098657,63.9623999254568,,NI,63.9623999254568,63.9623999254568,104.928321098657,104.928321098657,1,11041;20281;21418;22726;23989;25301;26564;27832;28957;30089;32305;33381;34479;35569;36790;37927,,0.0,-0.010404050830592,0.045965992328243,-0.000899328071813,0.026893084152293,-0.009135632710387,-0.031526483233369,-0.009636728168429,0.044623607059907,0.000372265741795,0.030680191703416,0.032007084964146,0.00468745674785,-0.000180260761563,-0.00233811857973,-0.00377230013154,-0.015515925501035,0.011528041321494,-0.031210491633693,0.002620481552455,0.044250638209003,-0.011063457131778,0.048233933446138,-0.002276221734177,0.043297026997279,-0.008894050717501,-0.03178980242013,-0.010262449087915,0.045788799496423,-0.00181552667023,0.045484877490107,0.033420034148248,0.006443354169626,-0.00181442971627,0.003762869629459,-0.006660662143774,0.011960975768321,-0.006387531142449,0.035913481148879,-0.000971945414971,0.008945358561478,4.36933732154572,4,0.333195535345184,4.41251889788095,3,0.38900372054568,4.68583371604891,3,0.584125671765192,5.29515936104699,4,0.896238114923522,5.05473696252105,2,0.838362959900785,0.735458407472492,0.133441882985326,0.799263751544863,0.097309882840229,-0.043181576335226,0.087369022336103,1.05864252403886,0.143643480386141,0.842714080751587,-0.316496394503194,0.0002679168877,3.57199991049043,0.009772783703659,2.0099817131551,-0.925822039501266,0.005867060806854,2.2315794106853,0.033742685461638,1.47182035640132,-0.685399640975325,0.153145061226577,0.81489700418963,0.357375358168348,0.446875396375586,-0.273314818167967,0.000842200862177,3.07458431831978,0.00313559909605,2.50367946942615,-0.88264046316604,0.00925652610487,2.03355196974899,0.027898957967917,1.55441201741583,-0.642218064640098,0.010125360494117,1.99458950561267,0.024467902701161,1.61140325518228,-0.609325644998073,0.121657573310062,0.914860850609906,0.233664275471526,0.631407681067561,-0.368903246472131,0.143630709897265,0.842752693011522,0.338477478431767,0.470470223044431,0.240422398525942
5,FT0006,FT0006,42.127951322018,68.9961880610533,,NI,68.9959857866661,68.9964726528157,40.9970302152395,43.6256110681172,16,4;1283;2394;3579;4715;5932;7122;8430;9729;11042;12401;13775;15124;16491;17689;18981,,0.0,0.000480416506191,-0.005993277673246,-0.002003292336276,0.002320840095819,0.001657779534061,-0.03890414810791,0.000333641076135,-0.005582626557348,-0.002680504519363,0.001666598626274,0.039460773620884,-0.030900788792418,0.009432174175703,0.009359043539568,-0.023961414010068,-0.012701072033957,-0.015072164711182,-0.005369048139659,0.002936976705,-0.000144777591547,0.00048764527135,-0.007347568083525,-0.001963763234359,0.001490441441931,0.001354828217615,-0.042983052173387,0.000330791477329,-0.006896216493701,-0.002362453713846,0.001103275873185,0.042876093973234,-0.030041353751615,-0.004667869807685,-0.010445824409211,-0.02549976848347,0.005697244885547,0.016758754454017,0.003611693676959,0.004400017026376,0.029263583022727,6.08598278763485,4,0.973956180239768,6.13070165885897,3,0.973129392310872,6.00493958262387,3,0.969822240595287,6.02111437063021,4,0.968995452666391,5.99588511204271,2,0.971062422488632,0.819301451982675,0.08655627547442,0.865614589241454,0.062675432489742,-0.044718871224115,0.672429906860464,0.172352979206939,0.751875784325074,0.123853902278176,0.08104320501098,0.520308225937893,0.283739307966744,0.870550630701117,0.060205965506243,0.064868417004643,0.561194358461869,0.250886703469042,0.726634139139609,0.138684201722889,0.090097675592148,0.634387645020658,0.197645283684781,0.799244392404525,0.097320402108279,0.125762076235095,0.492598568660206,0.307506854421149,0.57752089290357,0.238432299732613,0.109587288228758,0.596477328113824,0.224406059055139,0.683892293239938,0.16501229028982,0.134816546816262,0.913520419129655,0.03928174079505,0.943023491153315,0.025477488650596,-0.016174788006337,0.969531536816458,0.013438059671808,0.982266908698369,0.00777048652614,0.009054470581168,0.043326605040763,1.36324533981,0.153917077308426,0.812713191933563,0.025229258587505
6,FT0007,FT0007,441.153461490105,71.0135516186929,Pyruvaldehyde;Malondialdehyde;Acrylic acid,1,71.0130000758433,71.0141385551552,439.430517813549,442.034662237354,16,5;1284;2395;3580;4716;5933;7123;8431;9730;11043;12402;13776;15125;16492;17690;18982,71.01312|36,1.0,0.001194275242886,-0.00990532279161,-0.011815209717788,0.020148728132736,-0.002370841630761,-0.005296385324695,0.001037067478217,-0.009488407069248,-0.015067847085112,0.01817405214221,0.004902692113741,0.000962084447689,-0.000191952761644,-0.00284054942877,0.002610136870916,-0.005232757558262,-0.007597735201458,-0.004490595911976,-0.004576645279809,-0.04736203748626,0.001311360526386,-0.013392543944977,-0.015327846844113,0.017420091424479,-0.00290078374992,-0.004443922707468,0.001144735264245,-0.012771195297278,-0.01717439506087,0.016250561290531,0.004202085101966,0.001709605208367,-0.001613646174342,0.001942277225986,0.001071344400933,0.005309489291212,0.009188175449722,0.003189347590742,-0.004239224389357,0.097369889792256,4.85967597693272,4,0.720132286068623,5.12993407980049,3,0.83298883836296,4.70868154409708,3,0.601901612236461,4.88778288590966,4,0.739561802397685,4.8240488556462,2,0.712277800744109,0.001883154760487,2.72511398754367,0.005707631223871,2.24354409487967,-0.270258102867765,0.027976234574485,1.55321073922121,0.054839909696132,1.26090326902665,0.150994432835645,0.513648230539838,0.289334203642719,0.866253602210148,0.06235494641565,-0.028106908976934,0.494355320050743,0.305960787782242,0.67299028990327,0.171991201856039,0.035627121286518,0.001257840294475,2.90037449691241,0.019981932731694,1.6993625073956,0.42125253570341,0.002186184363101,2.66031321635656,0.006600586071282,2.18041750139398,0.242151193890831,0.006621000410744,2.17907638517658,0.022119736583498,1.65522004920343,0.305885224154283,0.011728718608089,1.93074943305365,0.027611358389877,1.55891222694582,-0.179101341812578,0.124034206139224,0.906458528637002,0.236191949324379,0.626734909531921,-0.115367311549127,0.205820303734891,0.686511785234022,0.423104463290492,0.373552393311561,0.063734030263452
7,FT0008,FT0008,410.065089321982,73.0293693701435,Methyl acetate;REF_Propionic acid ;Lactaldehyde,1,73.0288467500448,73.0299833439403,408.771181679851,412.756380512122,13,6;1285;2396;3581;4717;5934;7124;8432;9731;13777;16493;17691;18983;31199;32306;34480,73.02996|2920,1.0,0.036132288609753,0.036259036725226,0.008726688997696,-0.036024748433208,0.0376459252433,0.011604218318973,0.037335820656648,0.030583607323697,0.009785759802311,-0.043729157869601,-0.004998544029541,-0.016261923888105,0.019482257842377,-0.002653107426309,-0.00529599158612,0.015591517608829,0.025412246351091,0.020134827203434,0.009224827311205,-0.022620295758334,0.03975287829396,0.044145230591389,0.013951516200254,-0.030756033779048,0.040947814707404,0.006996908632143,0.041039439743998,0.038238269357693,0.013916190736664,-0.041586117563582,0.000160721284386,-0.015833776032353,-0.017085500225,0.002076377481783,-0.003361361341484,-0.014721057113985,-0.030618629031272,-0.015397531246361,0.008898306352016,0.020825343348084,4.41971110751507,4,0.368334022323274,5.10895804899003,3,0.82637453493179,6.12515024065188,3,0.977263331955353,4.35106931029995,4,0.324100868127325,5.27326430874301,2,0.896238114923522,0.001789010180203,2.74738718811154,0.005492984321223,2.26019164059561,-0.689246941474961,5.78874982648877e-06,5.23741521901554,0.000130695964436,3.88373782213907,-1.70543913313682,0.543561165668877,0.264751578683793,0.872119017461673,0.059424243164062,0.068641797215119,0.001105643323035,2.95638495243516,0.013363130721554,1.87409178319188,-0.853553201227939,0.001681505916697,2.77430160019921,0.0226143437774,1.64561601008428,-1.01619219166185,0.003542020252897,2.45074895988899,0.00953589663051,2.02063846534737,0.75788873869008,0.402364931310721,0.395379877857508,0.513952405529903,0.289077096905063,-0.164306259752978,3.17372717475291e-05,4.49843040952571,0.000405082184825,3.39245685630362,1.77408093035193,0.00602034711764,2.22037846772399,0.028560813409279,1.54422942805374,0.851885931908877,0.003973367429955,2.40084127249215,0.034508463724762,1.46207437454536,-0.922194998443058
8,FT0009,FT0009,361.193745100193,74.024407477508,REF_Glycine;Acetohydroxamic Acid;Ethyl nitrite,1,74.0241215071769,74.024634265646,359.67665424295,361.789706885619,4,7;7125;11044;12403;21419;22727;23990;25302;26565;28958;30090;33382;34481;35570;36791;37928,,0.0,-0.008065997221483,-0.014550367582545,2.03553371931199e-05,0.011779562618808,0.005229216316036,-0.018223768117132,-0.008194516339196,-0.015485748872636,-0.003569679458087,0.009341395528823,0.02108531379374,-0.008394775840585,-0.010209285630131,-0.045023799984874,-0.014436056558751,0.020290510617537,0.020394054278506,0.013941159349738,-0.008537076311892,-0.074357868253851,-0.008931951102879,-0.018359646910607,-0.002114985038221,0.009311680503326,0.005571627742789,-0.017090369312869,-0.009069353016951,-0.018930224743689,-0.004422021838193,0.006762103359829,0.019830608075479,-0.006054742521918,0.001109558653026,0.049003031636775,-0.012525984118688,-0.019285642936375,-0.023431611225304,-0.009155274537087,-0.009141817849627,-0.000643974987119,4.66028492696062,4,0.581645307978504,4.52335318362106,3,0.457627118644068,4.1603590388337,3,0.277387350144688,4.56344376043187,4,0.509301364200083,4.50248840938152,2,0.448119057461761,0.519036552002486,0.284802056845162,0.610554984997929,0.214275218523546,0.136931743339562,0.001348605032592,2.87011522399873,0.004755289876473,2.32282300387581,0.499925888126927,0.138663079990365,0.858039157462186,0.667808418078235,0.175348110735551,0.096841166528749,0.142173309921197,0.847181925701157,0.309995101577262,0.508645168664995,0.157796517579106,0.217001471733966,0.663537320696297,0.440516709772124,0.35603761319021,0.362994144787365,0.851720315969445,0.069702993463421,0.884811436413291,0.05314927263625,-0.040090576810814,0.951336832518797,0.021665688526028,0.965584495821389,0.01520971622603,0.020864774239544,0.007233239092749,2.14066717917977,0.018882812285031,1.7239333241844,-0.403084721598178,0.097446249080264,1.01123487317124,0.199763708285409,0.699483408617549,-0.342129370547821,0.599537879438971,0.222183372512386,0.789402509755264,0.102701497181535,0.060955351050358
9,FT0010,FT0010,423.963307451453,74.0244455499672,REF_Glycine;Acetohydroxamic Acid;Ethyl nitrite,1,74.0242454276354,74.0316020077416,412.756380512122,424.960762883602,3,2397;5935;16494;20282;21420;23991;25303;27833;28959;30091;31200;32307;33383;34482;36792;37929,,0.0,0.029900986981852,-0.002121707915596,0.006507132837277,0.014854016777629,0.026504314276302,-0.015710974494277,0.03068971640696,-0.009134677840489,-0.001861380661543,0.005747713060429,0.018591939711006,-0.010905214962698,-0.012188289603807,0.001155949928785,0.011781363608757,0.012127698839442,0.006370904874288,-0.01237792074282,0.002878292509801,0.005855937308724,0.032756586088154,-0.005684377815252,0.004170124892278,0.015709170968218,0.030009467210462,-0.015479392236475,0.033611417131092,-0.012041491920276,-0.001827974993349,0.00339821358646,0.019548124072419,-0.009427552468752,0.012850834946244,0.004450409009924,0.01813300218037,-0.006046729575441,-0.004582195258148,0.011548147197632,0.002473141694903,0.036633525555736,3.69754166864829,4,0.112443158329888,4.73744704766387,3,0.616370400992145,4.57436443938436,3,0.493178999586606,3.54881677518828,4,0.07482430756511,4.28249950139853,2,0.262505167424556,3.27631070470793e-06,5.48461491920049,8.12180179956544e-05,4.09034761302443,-1.03990537901558,5.82340826312941e-05,4.23482276163354,0.000499209563426,3.30171710340684,-0.876822770736073,0.080005769483971,1.09687869344925,0.584420599966015,0.233274484226633,0.148724893460013,0.000206813154259,3.68442184159208,0.005595705912388,2.25214511833737,-0.584957832750244,0.149340007368082,0.825823831580701,0.352430505922483,0.452926506672037,0.163082608279505,4.22491347757556e-05,4.37418218058323,0.000351279908577,3.45434668893149,1.18863027247559,0.008203145678554,2.0860195758036,0.025737912102554,1.58942668661258,0.454947546265334,0.000178388743133,3.74863255438489,0.001219932240504,2.91366429095842,1.02554766419609,0.075154266362701,1.12404636031744,0.16335804624838,0.786859469359892,0.291864937985829,0.002327069767104,2.63319059607976,0.02673424933548,1.57293200584215,-0.733682726210258
10,FT0011,FT0011,99.6722982135429,78.9186193913744,,NI,78.9184578423929,78.9189550489052,79.7008750895912,107.596849314386,17,8;1286;2398;3582;4718;5936;7126;8433;9732;11045;12404;13778;15126;16495;17692;17693;18984,,0.0,0.004393262850255,-0.000432296993145,-0.008514040672522,0.001323020880708,-0.009379217700797,-0.0117225796949,0.004098755249878,0.002189232650169,-0.006618685339838,0.003436096042212,0.008995126239534,-0.015391973105877,0.010257836773617,0.008901821191191,-0.003609420973482,-0.017198827836775,-0.005581951253822,-0.00752444702727,0.00552062870643,-0.034110611262833,0.004855571550047,-0.000460695717795,-0.008475829555652,0.000361283652414,-0.010663948036073,-0.013914009029967,0.004539263574378,0.001937069331136,-0.007008289476623,0.003689225552098,0.010780480697032,-0.01499432094222,-0.008425097523953,-0.011564125541814,-0.007672519554498,0.015069851495207,0.007715485224494,0.007226599270873,0.006102413431582,0.05721730313298,5.36931651015203,4,0.910293509714758,5.55370957176529,3,0.926002480363787,5.51041130390165,3,0.923522116577098,5.41284740495759,4,0.917734601074824,5.28329306481671,2,0.897891690781315,0.070159047488406,1.15391631578422,0.115380277119551,0.937868422291145,-0.184393061613263,0.167478485731689,0.776040974466648,0.247504120700298,0.606417566094036,-0.141094793749623,0.510701441720461,0.291832916120656,0.866253602210148,0.06235494641565,-0.043530894805562,0.44034457330875,0.356207351419294,0.630842616755796,0.200078975462506,0.086023445335316,0.702734686363597,0.153208609541583,0.843923390473178,0.073696975891944,0.04329826786364,0.118205757402687,0.927361369924114,0.179443965915176,0.746071140918384,0.140862166807701,0.117035692232002,0.931681671796455,0.189882805727982,0.721514359726071,0.270416506948579,0.289280685976018,0.538680561353908,0.391816819532585,0.406916924968631,0.097563898944062,0.190714819823093,0.71961555804304,0.321126150842969,0.493324326310321,0.227118239084939,0.237501796206174,0.624333101493936,0.462752912597,0.334650839088674,0.129554340140878
11,FT0012,FT0012,445.518742850986,78.9597161440323,Carbon dioxide,1,78.9594764667486,78.9604240164673,443.344980413162,447.076499529129,16,9;1287;2399;3583;4719;5937;7127;8434;9733;11046;12405;13779;15127;16496;17694;18985,,0.0,-0.002930102164798,-0.000359575599849,-0.004456339583177,0.002557449095861,-0.006268167107888,-0.003738398953167,-0.003099696545484,0.001118912041007,-0.003496033524987,0.004008165764168,0.00247918204985,-0.000842537802845,-0.001015195328628,0.001055566155761,0.006107446288514,-0.00035190914686,0.001636637804131,-0.003245517678721,0.00491964158567,-0.098262734030572,-0.003198275716985,-0.000479218925299,-0.004774070609755,0.002346371608183,-0.006988039062152,-0.003752000005471,-0.003381460651618,0.000868065005509,-0.004009387008417,0.004519245013365,0.002367288607484,-0.000739924437879,0.000370339074004,-0.00028588244542,0.006310453748976,0.002069194573116,-0.001062474549675,0.003593282892064,0.005035421669394,0.040211359784364,6.83365940438014,4,0.996692848284415,6.79031055627033,3,0.992145514675486,6.73514040847093,3,0.992145514675486,6.8920404525568,4,0.995452666391071,6.75353805866361,2,0.994625878462174,0.114429439806041,0.941462228161249,0.173746828332189,0.760083114509939,0.043348848109803,0.018270236680741,1.73825582656788,0.038838616340192,1.41073625061067,0.09851899590921,0.049042887816756,1.30942396495872,0.480498706667477,0.318307776960959,-0.058381048176662,0.056563414859937,1.2474643790899,0.161290408121569,0.792391459168618,0.080121345716528,0.106832806165049,0.971295363892984,0.287029798175564,0.54207301437595,0.055170147799407,0.005305982135585,2.27523421655308,0.013381539083635,1.87349393312356,-0.101729896286464,0.225387547206911,0.647070082649817,0.321285614167544,0.493108719912297,0.036772497606726,0.002391117730242,2.62139904022231,0.007794124139923,2.10823268131801,-0.156900044085871,0.645095425589197,0.190376037703553,0.762043641064108,0.118020156572986,-0.018397650192681,0.008637807842766,2.06359646152432,0.053823638999466,1.26902694306499,0.13850239389319
12,FT0013,FT0013,447.996282370564,79.9572941710571,,NI,79.9569878552743,79.9576747605822,446.365249584096,448.659500088393,14,10;1288;2400;3584;7128;8435;9734;11047;12406;13780;15128;16497;17695;18986;25304;26566,79.95813|36,1.0,0.006649543935824,0.004468709932662,0.002545779701319,-0.009775424171305,-0.012946555787378,0.012337990587687,0.006431375941089,0.00668987056987,0.00662032090594,-0.004962909896315,-0.016154014441524,-0.002403862889461,-0.015024666012495,0.000837810205172,0.001799759076463,-0.014159300444695,0.008629830526984,-0.004402339527503,0.005232117504024,-0.008258032264841,0.007325646387127,0.006166400877877,0.004644299334488,-0.008640131714478,-0.013848308487942,0.012818861135437,0.007089252720876,0.008080895770391,0.007303644004465,-0.003185116336231,-0.016786962325843,-0.002996972893928,0.014654574703207,0.00181462342145,-0.000974353573361,0.015653865263211,-0.007205000586095,0.005507229304376,0.004771539881356,0.107549013735059,4.43537794875923,4,0.381149235221166,4.5553805365376,3,0.477056634973129,4.75801252608394,3,0.640760644894585,4.45406351604689,4,0.399338569656883,4.38860417991457,2,0.342703596527491,0.040295393648356,1.39474459721969,0.072384173944987,1.14035637744486,-0.120002587778372,0.024694747102403,1.60739541706645,0.049515060715496,1.30526268408066,-0.322634577324711,0.674189926930178,0.171217740559218,0.898036133006434,0.046706188889924,-0.01868556728766,0.577141730310956,0.238717522834712,0.736405485363683,0.132882985167607,0.046773768844655,0.150467582920617,0.822557055386715,0.354384844550349,0.45052485921414,-0.202631989546338,0.037183502578782,1.42964970334865,0.067561993488705,1.1702975445899,0.101317020490712,0.119000271506854,0.924452047735251,0.192412163608901,0.715767476886309,0.166776356623027,0.027372704724663,1.56268228739221,0.05575573245633,1.25371047453691,0.303949010037051,0.105848102126051,0.975316924546533,0.210551424445414,0.676641816097479,0.369408346169365,0.405790555686626,0.39169806489487,0.638355110224403,0.194937660609844,0.065459336132315
13,FT0014,FT0014,76.6933630529027,79.9568991215775,,NI,79.9567357560074,79.9570429964733,76.1175538724997,78.177163703226,4,11;15129;16498;17696;21421;22728;23992;25305;26567;27834;28960;30092;31201;32308;33384;37930,79.95549|192,1.0,0.001422591726118,0.001391182898104,0.005455571284452,0.000826394233805,-0.009343964373693,-0.009030548285803,0.001357862106481,0.001924820869412,0.006790156873164,0.004123866817845,0.00566443337722,-0.010655336473745,-0.010772423501764,0.010571019053451,-0.001725930325713,-0.012246474571083,0.00092107595833,0.013875902202885,-0.006401894430586,0.015721471240783,0.001563174554581,0.001193259954413,0.006195769967388,0.003249257562704,-0.009707659804154,-0.009076665351309,0.001494493911819,0.001595121289446,0.006948393759157,0.006384706859662,0.005697135288843,-0.011285060069948,0.012260614269761,-0.007587609852173,-0.003394680999282,0.011700788966291,-0.002302522705289,-0.015026563722828,-0.005366462850269,-0.015850467009399,4.79416179450608,4,0.6812732534105,4.85253301272632,3,0.691608102521703,4.88313037815167,3,0.737908226539893,4.84353688245221,4,0.716825134353038,4.78600843613275,2,0.684580405126085,0.505241419006545,0.296501053784461,0.597011310466841,0.224017441020034,-0.058371218220235,0.370111761229498,0.43166711388918,0.473598932974036,0.324589284756442,-0.088968583645591,0.561890503932684,0.250348307510874,0.872119017461673,0.059424243164062,-0.049375087946134,0.952587631505472,0.021095061711469,0.975112274554828,0.010945376699019,0.00815335837333,0.5911559011066,0.228297970791154,0.766398953465738,0.115545096967567,-0.030597365425356,0.87211074943034,0.059428360466097,0.899244782388076,0.046122073372272,0.008996130274101,0.548671137402519,0.260687885068198,0.647808829227863,0.188553137124222,0.066524576593565,0.575189708947237,0.240188892770184,0.672045878548396,0.172601077957651,0.039593495699457,0.463507507679028,0.333943226962489,0.611250788279388,0.213780567794429,0.097121942018921,0.604451418410224,0.218638598962387,0.791150199032153,0.101741058324728,0.057528446319465
14,FT0015,FT0015,99.6722982135429,80.916659300455,,NI,80.9164108872866,80.9168931936035,79.7008750895912,107.596849314386,17,12;1289;2401;3585;4720;5938;7129;8436;9735;11048;12407;13781;15130;16499;17697;17698;18987,,0.0,0.004620574697203,-0.000744887338276,-0.008683779139204,0.000912453431223,-0.010106983884675,-0.010716809382711,0.004298100843348,0.002065618346496,-0.006595977369953,0.003251871313383,0.00786126448552,-0.015226401773981,0.010856801622939,0.00780913776311,-0.002992640975759,-0.017848293598977,-0.002428835856268,-0.006491399281825,0.00536603226191,0.00045426370738,0.005104389888193,-0.000756194795615,-0.008601456051862,-0.000224644060005,-0.011453661285368,-0.012874969408292,0.004757951620954,0.001823268903151,-0.006994098314689,0.003408601936697,0.009590640644396,-0.014770401990564,-0.009354005135714,-0.010701591756522,-0.007470065949769,0.016066317565711,0.004395700460506,0.006757853110197,0.00582746411956,-0.000398758368126,5.34779104510732,4,0.908639933856966,5.53578949562462,3,0.924762298470442,5.49396823236814,3,0.921868540719305,5.38710169260454,4,0.914014055394791,5.24859802827213,2,0.8900372054568,0.053700801179125,1.27001923487629,0.091907984576191,1.03664675731086,-0.187998450517299,0.152659392915826,0.816276469019998,0.228602609898003,0.64091881568251,-0.146177187260816,0.562932900637865,0.249543368238146,0.872119017461673,0.059424243164062,-0.039310647497221,0.383905678467443,0.415775464051292,0.585198092465417,0.232697098187694,0.099193016835197,0.693137840812661,0.159180390854933,0.835365208352122,0.078123616376782,0.041821263256483,0.090724448929655,1.04227566107215,0.143079509605548,0.844422557032778,0.148687803020079,0.090339566363151,1.04412199841645,0.154718737482595,0.810457087124695,0.287191467352496,0.256757540535834,0.590476793047081,0.354854772097574,0.449949349990659,0.106866539763596,0.165884443392633,0.780194340108983,0.292070158539327,0.534512813597333,0.245370204096013,0.226916860330661,0.644133234055431,0.452889806932825,0.344007453754321,0.138503664332418
15,FT0016,FT0016,445.518742850986,80.9626527125129,,NI,80.962505770357,80.9627357326042,444.533421191779,445.700259227282,4,7130;11049;12408;15131;20283;21422;22729;23993;25306;26568;28961;30093;33385;35571;36793;37931,,0.0,8.36051180476691e-05,0.00189189060117,0.002360998876968,-5.96190070057443e-05,0.002076755282326,0.012657432743601,0.000216060226345,0.001052950901144,0.001878464780641,-0.00057386570872,-0.012457122352578,-0.011913359894965,0.008154390842897,-0.011196949270104,0.005206819209594,-0.007448871900444,-0.001212875204472,0.000960724440785,-0.004838001923092,-0.000408926084042,0.000130960151141,0.002066113382197,0.002338001665104,0.000410213580673,0.002440593047674,0.013108140768936,0.000275124120075,0.001269554189229,0.001943866111504,-0.000591985370671,-0.012646960811082,-0.011484960866609,-0.012737880797888,0.008994248600671,0.000804078508302,0.009134839411402,0.001563980398968,-0.000651923702138,-0.004828111251815,9.61508132419088e-05,4.50963555425156,4,0.452252997106242,4.49799580953428,3,0.442744935923935,4.53414750881422,3,0.458867300537412,4.51675943922167,4,0.461761058288549,4.56808864027696,2,0.511781727986771,0.813832709155638,0.089464859186187,0.861382485420911,0.064803963038223,0.011639744717278,0.754396899849734,0.122400104975023,0.816515583277434,0.088035522296795,-0.024511954562656,0.90002739653508,0.045744270579654,0.965595003250984,0.015204990286577,-0.007123884970113,0.375480850294094,0.425412207324732,0.579403697051353,0.237018737983,-0.058453086025394,0.664977539236827,0.177193023494252,0.819718093232875,0.086335478839846,-0.036151699279934,0.739029598646711,0.131338167462388,0.790810933111286,0.101927335113197,-0.018763629687391,0.215422040781936,0.666709864175139,0.310061335397301,0.508552386844011,-0.070092830742672,0.833146742364054,0.079278499449992,0.886801549727543,0.052173556606791,0.017388069592543,0.755072350285164,0.122011432709643,0.835436367205844,0.078086623477109,-0.033941131462738,0.485412203983962,0.313889309058339,0.70747501662061,0.150288891966759,-0.051329201055281
16,FT0017,FT0017,441.721017651363,88.0400810102217,Alanine;REF_L-Alanine;REF_ß-Alanin,1,88.0397211344271,88.0407333843207,440.772004143992,442.462568280816,16,13;1290;2402;3586;4721;5939;7131;8437;9736;11050;12409;13782;15132;16500;17699;18988,88.04036|9722,1.0,0.001106353475329,-0.011364475735211,-0.013363606130231,0.023638322105251,-0.001676119709167,-0.005264762795654,0.000962938437425,-0.01116418917027,-0.01742238663954,0.020994755566342,0.004960838312033,-0.002167427534988,0.001369187764793,-0.001552861393205,0.006161345586171,-0.004569786169497,-0.008451899770614,-0.004530784250569,-0.003048978426124,0.02467340782237,0.001218581976919,-0.015415210636948,-0.017525654914852,0.020502709361434,-0.002178416654099,-0.004341792599928,0.00106769111896,-0.014951346218456,-0.019869608108085,0.018675485794237,0.004246968628501,-0.00143753870844,-0.003557327149246,0.000586889610103,0.004810288319664,0.005546591479563,0.010040666830053,0.003113095963947,-0.00248477303838,-0.026656900396599,6.08956035606295,4,0.974369574204217,6.3938407275257,3,0.980570483670938,5.90392442951294,3,0.965688300950806,6.11971122465898,4,0.972302604381976,6.06230202641287,2,0.97354278627532,0.001828303737903,2.73795165283783,0.005588510972564,2.25270389203177,-0.304280371462752,0.019795084057396,1.70344264972963,0.041191881160772,1.38518837412546,0.185635926550009,0.557952495291354,0.253402775813459,0.872119017461673,0.059424243164062,-0.030150868596024,0.652036392023409,0.185728164369481,0.786473479943129,0.104315917298219,0.027258329650079,0.000792906248662,3.10077815958744,0.015510818930439,1.8093652719748,0.48991629801276,0.002270732641112,2.64383399714317,0.006780124389541,2.16876233840495,0.274129502866728,0.005918196679825,2.22781060599807,0.020400076052978,1.69036821348944,0.33153870111283,0.009263867807902,2.03320765080016,0.02271822298662,1.64362564203176,-0.215786795146032,0.071172262343308,1.14768922909229,0.158300352802651,0.800518117228144,-0.15837759689993,0.331600769643608,0.479384470125431,0.57209922220837,0.24252864267454,0.057409198246102
17,FT0018,FT0018,410.050648814485,88.0400746653132,Alanine;REF_L-Alanine;REF_ß-Alanin,1,88.0397197323103,88.0404202403691,409.384039895169,411.260993613215,16,14;1291;2403;3587;4722;5940;7132;8438;9737;11051;12410;13783;15133;16501;17700;18989,88.0404|19790,1.0,0.007647776964828,-0.014333582561754,-0.010977729113775,0.016756743879099,-0.000744111198522,-0.005011364364303,0.0074167743498,-0.013904018054709,-0.014349760103667,0.014347784977073,0.004581406468327,0.00619432708287,0.005576132910885,0.001910912925112,0.005695616532893,-0.001048307314708,0.001571605724727,-0.00537285400863,-0.002335592531965,0.01542114863686,0.008345351110599,-0.018123900981808,-0.014204999534726,0.012194040405434,-0.000998948812282,-0.004588266451622,0.008101391203375,-0.017368232101573,-0.016118059215999,0.010558891512025,0.004196858597412,0.007027476288845,-0.005416158505933,-0.004371498760562,0.005587767638838,0.002226420601676,-0.00034436575147,0.005345063518746,-0.002583525515231,-0.015661526465519,5.56272357221741,4,0.93840429929723,5.99204693080581,3,0.968168664737495,5.56587584587664,3,0.933443571723853,5.48284323384222,4,0.927656056221579,5.50221021409897,2,0.935097147581645,0.00011744200882,3.93017652885065,0.00069143982693,3.16024560871369,-0.429323358588403,0.949648474364642,0.022437125127844,0.965444144512643,0.015272847137452,-0.003152273659225,0.044505709014986,1.3515842758803,0.452888566843482,0.344008642928129,0.079880338375194,0.213449955427418,0.670703931549321,0.413713264223815,0.383300554794934,0.060513358118437,0.001765002678616,2.75325463117866,0.022896432617427,1.64023217771488,0.426171084929178,4.1795858598849e-05,4.37886674876975,0.00034996870551,3.45597078888343,0.509203696963596,0.002418897748968,2.61638248963633,0.012715552550063,1.89566476295744,0.489836716706839,0.131747694246417,0.880256976759215,0.204605548721693,0.689082592781547,0.083032612034419,0.400009701740857,0.39792947526848,0.550899936286827,0.25892727785409,0.063665631777662,0.640165986390123,0.193707404724075,0.812060999948207,0.090411346441246,-0.019366980256757
18,FT0019,FT0019,319.858720415379,89.0241002785844,REF_Lactic acid;Glyceraldehyde;Glyceraldehyde,1,89.0237581917535,89.0245695844871,317.448105483599,325.29110730152,16,15;1292;2404;3588;4723;5941;7133;8439;9738;11052;12411;13784;15134;16502;17701;18990,89.02398|3123,1.0,0.009018272598736,-0.010512500790613,-0.013734414852333,0.01956154513545,-0.003465109747018,-0.013219776100671,0.008799848136529,-0.009680411770422,-0.016691503154023,0.017732587705942,0.01190574684894,0.008243582712401,-0.009736497089228,-0.001307596889436,0.011957554860546,-0.009531728590588,0.006233796155125,0.003017420200873,-0.003476857306758,-0.025963539054497,0.009865490801926,-0.014145664853629,-0.017076311014758,0.016714145514366,-0.003907266617981,-0.012097520551134,0.009632843540373,-0.013152351618599,-0.018739927428204,0.015847801840203,0.011016255751044,0.009688852220503,0.008152830799154,0.003121648950747,0.010088494850918,0.013365921259935,-0.005391706584936,-0.003625866760906,-0.002735753779579,0.025866614965382,5.192819224707,4,0.874328234807772,5.70713248755473,3,0.946672178586193,5.29204261999915,3,0.887143447705663,5.18847179074503,4,0.873501446878876,5.18864988719963,2,0.878048780487805,0.001151797043877,2.93862404043512,0.003863934527535,2.41297024110001,-0.514313262847733,0.342846203160688,0.464900655752325,0.448057802526027,0.348665955424235,-0.099223395292149,0.952128448447544,0.021304458454852,0.985806354265994,0.006208386816552,0.004347433961971,0.96713132365892,0.014514550458815,0.984076787022174,0.006971012464078,0.004169337507369,0.005805036533809,2.23619504269857,0.045498415481875,1.34200372772664,0.415089867555585,8.00253020323956e-05,4.09677267806162,0.00054421831122,3.26422684967837,0.518660696809705,0.001368200419601,2.86385028072157,0.009755804294911,2.01073692038094,0.518482600355102,0.201853724372753,0.694963233077481,0.291007829852091,0.536095325736393,0.10357082925412,0.359000163545974,0.444905353574611,0.511848175932275,0.290858840064922,0.103392732799517,0.997388078762708,0.001135826972392,0.998797452621325,0.000522573963774,-0.000178096454603
19,FT0020,FT0020,441.768095327321,89.0429222164085,2-Methyl-1-propanethiol;1-Butanethiol;Diethyl sulfide,1,89.0416373618464,89.0435799286617,441.040001755408,442.462568280816,12,16;1293;2405;7134;8440;9739;12412;13785;15135;16503;17702;18991;23994;25307;26569;31202,,0.0,0.005617142998969,0.001064540115862,-0.006063478450161,0.003244726282466,-0.014452987722465,-0.014950570311534,0.005280623129879,0.003920320718311,-0.003507712444133,0.007164790241287,0.011810422699069,0.005167828764781,-0.013862960306825,-0.001771086422929,0.019269276042991,0.000196087156652,-0.01731201114555,0.007723779241517,0.002375561137958,-0.010030594949651,0.00617528682767,0.000771419785687,-0.005755842383162,0.004117269702591,-0.01547016756755,-0.014294215839159,0.005809145026662,0.00327716274234,-0.003954509614725,0.009258551803657,0.01104963572475,0.006317943369521,0.010869091859179,0.006935444832631,0.019774975845577,0.004620336177021,0.01671531608385,-0.012667662048506,0.004949957735501,0.01182381796334,4.52513152285229,4,0.473749483257544,4.78006485639766,3,0.644894584539066,4.74348009380254,3,0.630012401818933,4.62731636366388,4,0.562215791649442,4.46968464841996,2,0.412980570483671,0.003460020678021,2.460921305738,0.009430959139744,2.02544413675198,-0.254933333545377,0.020652644875606,1.68502432263582,0.042750794204449,1.36905581273919,-0.218348570950257,0.275798159704883,0.559408636030657,0.79148644206346,0.10155652007826,-0.102184840811595,0.413892086288644,0.383112877329683,0.612097551213205,0.213179357956653,0.055446874432326,0.585492749593701,0.232478478612017,0.763559965999057,0.117156850055066,0.03658476259512,0.15960006098637,0.796966947032666,0.228569046561733,0.640982583291706,0.152748492733782,0.004634230895177,2.33402233178837,0.017544184742216,1.75586680813728,0.310380207977702,0.307137195653858,0.512667585416162,0.410612149457243,0.386568204589936,0.116163730138662,0.039569650313896,1.40263778767727,0.102838080326658,0.987846038907053,0.273795445382582,0.247843504125427,0.605822459286376,0.477955439225803,0.320612591673345,0.15763171524392
