,ID,General.All.ID,General.All.rtmed,General.All.mzmed,General.All.annot_ms1,General.All.annot_ms2,General.Extended.mzmin,General.Extended.mzmax,General.Extended.rtmin,General.Extended.rtmax,General.Extended.npeaks,General.Extended.peakidx,General.Extended.ms2spectrum,General.Extended.purity,PCA_filled.All_samples.PC1..54..,PCA_filled.All_samples.PC2..18.5..,PCA_filled.All_samples.PC3..8.6..,PCA_filled.All_samples.PC4..4.2..,PCA_filled.All_samples.PC5..3.6..,PCA_filled.All_samples.PC6..2.6..,PCA_filled.samples.PC1..59.8..,PCA_filled.samples.PC2..17.8..,PCA_filled.samples.PC3..7.6..,PCA_filled.samples.PC4..3.9..,PCA_filled.samples.PC5..2.8..,PCA_filled.samples.PC6..1.8..,PCA_filled.samples.PC7..1.5..,PCA_filled.samples.PC8..1.3..,PCA_filled.samples.PC9..1.1..,PCA_filled.samples.PC10..0.8..,PCA_filled.samples.PC11..0.7..,PCA_filled.samples.PC12..0.6..,PCA_filled.samples.PC13..0.4..,PCA_filled.samples.PC14..0..,PCA_nofill.All_samples.PC1..63.8..,PCA_nofill.All_samples.PC2..12.2..,PCA_nofill.All_samples.PC3..7.3..,PCA_nofill.All_samples.PC4..4..,PCA_nofill.All_samples.PC5..3.4..,PCA_nofill.All_samples.PC6..2.2..,PCA_nofill.samples.PC1..69.2..,PCA_nofill.samples.PC2..11..,PCA_nofill.samples.PC3..7.2..,PCA_nofill.samples.PC4..3.1..,PCA_nofill.samples.PC5..2.3..,PCA_nofill.samples.PC6..1.7..,PCA_nofill.samples.PC7..1.3..,PCA_nofill.samples.PC8..1.1..,PCA_nofill.samples.PC9..0.8..,PCA_nofill.samples.PC10..0.7..,PCA_nofill.samples.PC11..0.6..,PCA_nofill.samples.PC12..0.5..,PCA_nofill.samples.PC13..0.4..,PCA_nofill.samples.PC14..0..,Stats.Mean.DMSO_SP,Stats.N.value.DMSO_SP,Stats.Quantile.DMSO_SP,Stats.Mean.DMSO_EP,Stats.N.value.DMSO_EP,Stats.Quantile.DMSO_EP,Stats.Mean.I_EP,Stats.N.value.I_EP,Stats.Quantile.I_EP,Stats.Mean.DMSO_I,Stats.N.value.DMSO_I,Stats.Quantile.DMSO_I,Stats.Mean.QC_QC,Stats.N.value.QC_QC,Stats.Quantile.QC_QC,ttest.DMSO_SP_vs_DMSO_EP.pvalue,ttest.DMSO_SP_vs_DMSO_EP.log.pvalue,ttest.DMSO_SP_vs_DMSO_EP.fdr,ttest.DMSO_SP_vs_DMSO_EP.log.fdr,ttest.DMSO_SP_vs_DMSO_EP.mean.diff,ttest.DMSO_SP_vs_I_EP.pvalue,ttest.DMSO_SP_vs_I_EP.log.pvalue,ttest.DMSO_SP_vs_I_EP.fdr,ttest.DMSO_SP_vs_I_EP.log.fdr,ttest.DMSO_SP_vs_I_EP.mean.diff,ttest.DMSO_SP_vs_DMSO_I.pvalue,ttest.DMSO_SP_vs_DMSO_I.log.pvalue,ttest.DMSO_SP_vs_DMSO_I.fdr,ttest.DMSO_SP_vs_DMSO_I.log.fdr,ttest.DMSO_SP_vs_DMSO_I.mean.diff,ttest.DMSO_SP_vs_QC_QC.pvalue,ttest.DMSO_SP_vs_QC_QC.log.pvalue,ttest.DMSO_SP_vs_QC_QC.fdr,ttest.DMSO_SP_vs_QC_QC.log.fdr,ttest.DMSO_SP_vs_QC_QC.mean.diff,ttest.DMSO_EP_vs_I_EP.pvalue,ttest.DMSO_EP_vs_I_EP.log.pvalue,ttest.DMSO_EP_vs_I_EP.fdr,ttest.DMSO_EP_vs_I_EP.log.fdr,ttest.DMSO_EP_vs_I_EP.mean.diff,ttest.DMSO_EP_vs_DMSO_I.pvalue,ttest.DMSO_EP_vs_DMSO_I.log.pvalue,ttest.DMSO_EP_vs_DMSO_I.fdr,ttest.DMSO_EP_vs_DMSO_I.log.fdr,ttest.DMSO_EP_vs_DMSO_I.mean.diff,ttest.DMSO_EP_vs_QC_QC.pvalue,ttest.DMSO_EP_vs_QC_QC.log.pvalue,ttest.DMSO_EP_vs_QC_QC.fdr,ttest.DMSO_EP_vs_QC_QC.log.fdr,ttest.DMSO_EP_vs_QC_QC.mean.diff,ttest.I_EP_vs_DMSO_I.pvalue,ttest.I_EP_vs_DMSO_I.log.pvalue,ttest.I_EP_vs_DMSO_I.fdr,ttest.I_EP_vs_DMSO_I.log.fdr,ttest.I_EP_vs_DMSO_I.mean.diff,ttest.I_EP_vs_QC_QC.pvalue,ttest.I_EP_vs_QC_QC.log.pvalue,ttest.I_EP_vs_QC_QC.fdr,ttest.I_EP_vs_QC_QC.log.fdr,ttest.I_EP_vs_QC_QC.mean.diff,ttest.DMSO_I_vs_QC_QC.pvalue,ttest.DMSO_I_vs_QC_QC.log.pvalue,ttest.DMSO_I_vs_QC_QC.fdr,ttest.DMSO_I_vs_QC_QC.log.fdr,ttest.DMSO_I_vs_QC_QC.mean.diff
0,FT0001,FT0001,335.475745164869,63.9627018632878,,NI,63.9626651147307,63.9627386118448,335.428127460462,335.523362869277,2,6165;23421;26913;29053;31324;33564;38166;40431;42556;44658;46780;48872;50909;52960;55023;59380,63.96486|75.4109959294155,1.0,-0.00196128179933,0.052449113684046,0.000617319615545,-0.005415132586662,0.028207778101512,0.0103412346138,-0.001713612103701,0.053757109702259,-0.010980134848531,0.023040771755642,-0.024189476931638,0.020305141452581,0.014538369917973,-0.018371964349483,0.000704913083931,0.031058352681123,0.002242420526395,-0.003974995188006,-0.013861388460578,0.297818146768697,0.002225473707159,0.082476315891594,-0.064464948832662,0.002083939066089,0.027749514248107,-0.001722497396146,0.002333602883409,0.093223479592127,-0.044554278080785,-0.032509370516608,0.022393102985272,-0.041383585627913,0.001829364087817,0.031367843472472,-0.028627696340229,-0.035231840407776,0.010063346964144,0.019500642289872,-0.025119313588516,-0.199865401056132,2.0271427958511,4,0.120151133501259,2.24846685288546,3,0.137027707808564,4.18503549445898,3,0.730982367758186,4.08701241301732,4,0.685642317380353,3.97242695242197,2,0.662972292191436,0.457865683218331,0.339261905385623,0.532328742013779,0.273820084342005,-0.22132405703436,1.28329412952998e-05,4.89167379242326,9.6408403941159e-05,4.01588510690432,-2.15789269860788,2.78563415083392e-06,5.55507592190602,6.78353501545666e-05,4.16854392890321,-2.05986961716622,0.001615834437293,2.79160314025299,0.013118328662687,1.88212149261349,-1.94528415657087,0.002971487324846,2.52702611792503,0.030295842818325,1.51861696109925,-1.93656864157351,0.000883744362158,3.05367334376553,0.001806766251522,2.74309803019532,-1.83854556013186,0.032679249736221,1.48572792273814,0.063783983015141,1.19528836456175,-1.72396009953651,0.328864147497744,0.482983470368381,0.363555185884603,0.439429656040048,0.098023081441658,0.471868255661878,0.326179238284511,0.570731778577313,0.243567945084592,0.212608542037004,0.644880516328661,0.190520744133791,0.742595357990072,0.129247769903285,0.114585460595346
1,FT0002,FT0002,318.025018896803,63.9626403329074,,NI,63.9624742457862,63.9626763990335,313.741747960878,320.842651020239,5,14438;16218;18137;19964;25203;26914;29054;31325;33565;35844;38167;40432;42557;44659;55024;57243,63.96538|640.999037326841,1.0,-0.026911949564315,0.035831444808486,-0.055484210488787,0.007158264310876,0.022253704749828,0.002516307723682,-0.02565642866304,0.046634375028669,0.036513153777707,0.003638082716025,-0.000882679704942,-0.003554909554648,0.01039630255046,0.004363108948881,-0.012353421943721,-0.007794187858785,-0.013174243106277,-0.000993247702828,-0.013298861641532,-0.306427761267819,-0.030464677376219,0.025633192373917,-0.13106765722823,0.003420253111828,0.016099719505218,-0.005175813499402,-0.029002592293393,0.060675320014645,-0.107406411534639,-0.005532694086526,0.001545126269433,0.002358610047992,-0.016488966598432,-0.002485470263495,0.028976903199655,0.006095438146488,0.006272499749052,-0.008190943918118,-0.027646422166392,-0.094752846900011,1.87820899724962,4,0.109823677581864,2.00536882008368,3,0.111586901763224,2.00580566382256,3,0.082619647355164,4.74014265205782,4,0.917128463476071,2.97670479899933,2,0.142317380352645,0.549812477111064,0.259785408765013,0.620133620500269,0.207514722770229,-0.127159822834058,0.567140001609011,0.246309719906053,0.613115901711968,0.212457419908971,-0.127596666572941,2.31497027431587e-06,5.63545458122636,5.85420367447186e-05,4.23253217203539,-2.8619336548082,0.273834509176957,0.562511822086862,0.396369528670969,0.401899739753645,-1.09849580174971,0.99727247219761,0.001186168664191,0.998063468629985,0.000841840276423,-0.000436843738883,1.73971795131073e-07,6.75952115523364,4.61900954052702e-06,5.33545114072077,-2.73477383197414,0.409910152249532,0.387311325373787,0.488398350669461,0.311225811345422,-0.971335978915653,8.49699056210506e-07,6.07073486413224,1.50539792679845e-05,4.82234868640233,-2.73433698823526,0.412018994227735,0.38508276236942,0.512729002543833,0.290112115973869,-0.97089913517677,0.101974069421475,0.991510249207362,0.224241204764407,0.649284581939134,1.76343785305849
2,FT0003,FT0003,68.6048202091689,63.9625907173448,,NI,63.9625571539911,63.9626395859116,68.5829020201108,68.7889923095299,3,1;14439;18138;29055;31326;33566;35845;38168;40433;42558;44660;48873;52961;55025;57244;59381,63.96521|108.403847022115,1.0,0.000612334244909,-0.000914642588876,-0.001443470033957,0.000851988896365,0.00538133624091,-0.001919500695862,0.000583049906587,0.000161742370109,9.64370754003437e-05,0.003118101173956,-5.13972444004067e-05,0.007925053463135,-0.009393614964912,0.001959176158555,-0.000899519054519,-0.00599110346111,-0.006715384182288,0.003265280206379,-0.001941537500309,0.318719847932332,0.000807173908956,-0.002142710494752,-0.001031876406782,0.003437407985285,0.005365331810376,0.005498997101889,0.00078888116072,0.000125362815878,9.7291166820804e-05,-0.005412326166347,-0.002004023893538,-0.001358609431999,0.018420892246279,-0.001957027783274,0.010996667142904,-0.001289209210902,0.007888338864942,-0.010154696146376,-0.001462599101623,-0.03878865414243,3.82181161432069,4,0.558438287153652,3.86211033633741,3,0.581108312342569,3.86615066619118,3,0.578337531486146,3.82227088569757,4,0.546599496221662,3.70886994078805,2,0.51007556675063,0.652990077652806,0.185093417887826,0.714049005779855,0.146271981207828,-0.040298722016718,0.61634425507919,0.210176647705542,0.659422980549778,0.180835921991087,-0.044339051870485,0.995590101320719,0.001919430025639,0.997082228046378,0.001269024522615,-0.000459271376876,0.327771706821075,0.484428537348184,0.452138177929003,0.344728820185655,0.112941673532646,0.939653039580655,0.027032477050798,0.967246416726181,0.014462870496797,-0.004040329853767,0.544448719178289,0.264043019538507,0.585600634330971,0.232398461515424,0.039839450639841,0.067897591368072,1.16814563181831,0.114763081935296,0.940197797394317,0.153240395549363,0.494070101316156,0.306211426673811,0.52831390283672,0.277107960492648,0.043879780493608,0.050998126367382,1.29244577926,0.102047714012632,0.991196719539968,0.157280725403131,0.180072219694732,0.744553281982661,0.31329206671799,0.504050602322963,0.113400944909522
3,FT0004,FT0004,79.1625546299299,73.0300015448853,Lactaldehyde;3-Hydroxypropanal;D-Lactaldehyde,1,73.0298227434398,73.0301211856251,78.1869871199503,80.1768720440231,5,4576;6166;7815;23423;25205;26915;29056;31327;40434;42559;44661;46781;48874;50910;52962;55026,73.03069|100.724565479149,1.0,0.031063806812214,0.024063003002674,0.016020288353216,-0.033215759837787,0.010890651057999,0.033407622103413,0.031858174413841,0.016696797368483,-0.025524260794097,0.014803477731582,-0.030438652067296,-0.000884827117566,0.020100321870609,-0.017601960460475,-0.005155640665004,0.006998112755695,0.007237002327344,0.023472740103173,0.035425066109191,-0.070107815905991,0.042653919933158,0.042595180337432,0.010346382905264,-0.039082058855807,0.045806090768813,-0.040376193804964,0.043152765226519,0.03322744348031,0.027974078451164,-0.021160569286847,0.037772107192733,-0.033576576452175,-0.022098073103382,0.030137733141079,-0.014142381144745,0.006842961459305,-0.010942796017531,-0.010030256252312,0.060356006752414,0.104939241027336,2.60657207514864,4,0.189420654911839,3.80338781813756,3,0.553400503778337,5.38264412374759,3,0.982115869017632,2.3738181515169,4,0.10831234256927,4.50960636224898,2,0.889420654911839,0.000161999254391,3.79048698431302,0.000585515892497,3.23246131249593,-1.19681574298892,1.79737864304806e-06,5.7453604230223,2.84179543508543e-05,4.54640718770732,-2.77607204859895,0.196908344031997,0.70573588015303,0.365726655935135,0.436843385017022,0.23275392363174,0.000168800694716,3.77262577032352,0.003764824483283,2.4242552658693,-1.90303428710034,9.95871914941454e-06,5.00179651520203,0.001595013731818,2.79723557365576,-1.57925630561003,0.000310243298096,3.50829759139634,0.000748695522061,3.12569476437413,1.42956966662066,0.002589570727689,2.58677222280957,0.010821679777817,1.9657053213353,-0.706218544111422,6.86008806169443e-06,5.16367030929872,5.38618795338979e-05,4.26871849576376,3.00882597223069,0.000104228344406,3.9820141606399,0.004705369412136,2.32740627503067,0.873037761498608,0.000419111716868,3.37767019767244,0.007733098515421,2.1116464571139,-2.13578821073208
4,FT0005,FT0005,104.11096894609,73.0300557524846,Lactaldehyde;3-Hydroxypropanal;D-Lactaldehyde,1,73.0298248759677,73.0301010618323,103.686861772426,106.131844399365,5,4577;6167;7814;23422;25204;26916;29057;31328;40435;42560;44662;46782;48875;50911;52963;55027,,0.0,0.034133757462349,0.025450589388817,0.009283770703566,-0.029577588644681,0.003600948300261,0.034090893040037,0.035000644543369,0.01845532204967,-0.017351358999076,0.008118057456158,-0.028203135870423,0.004733329835639,0.006591896291525,0.010602722825081,-0.005211187934465,0.007852776527645,-0.005932740263593,0.008448789918018,-0.001897736882357,-0.192968100557318,0.047092639434632,0.039040727356452,0.001945360329632,-0.042424975186509,0.032832302450128,-0.044301856842667,0.04761583089637,0.029561771380782,0.016753368184268,-0.012778853985918,0.036078329132976,-0.024006361573638,-0.004810857877116,0.000323895530544,0.016516898862586,-0.029316573939199,-0.002004049815992,-0.005472359690801,-0.002210473238585,0.021880193785633,2.55797106087341,4,0.182619647355164,4.20932984097013,3,0.739294710327456,5.50906400358469,3,0.986649874055416,2.47645356768599,4,0.119899244332494,4.6649605130232,2,0.92544080604534,3.66147865364839e-05,4.4363434934484,0.000192185089647,3.71628030935953,-1.65135878009672,5.78394525271195e-07,6.23777582646,1.58927237130964e-05,4.79880166653086,-2.95109294271127,0.347930908483887,0.458506988936388,0.52011649638838,0.283899371610999,0.081517493187427,5.30571003767727e-05,4.27525648832989,0.001918577353103,2.71702068625008,-2.10698945214979,0.000174375989859,3.75851331406919,0.006177593934117,2.20918064216082,-1.29973416261456,4.60423195125925e-06,5.33684280567333,3.44709779565218e-05,4.46254639529538,1.73287627328414,0.03291165745252,1.48265024580171,0.064111521141563,1.193063918709,-0.455630672053072,2.50324320157613e-09,8.60149695463806,5.83844664367609e-07,6.23370268436271,3.0326104358987,8.71655194688831e-05,4.05965527729012,0.004381947266248,2.35833285318231,0.844103490561484,3.37077201350368e-07,6.47227062055102,0.000133718525776,3.87380842007687,-2.18850694533722
5,FT0006,FT0006,53.5072435842538,78.9596166446559,Carbon dioxide,1,78.9594547345341,78.9597190060728,51.2649729456836,54.865537407462,16,2;1581;3024;4578;6169;7816;9444;11082;12761;14440;16219;18139;19965;21850;23424;25206,62.77923;62.96623;63.9641;78.72557;78.96243|553.310302099418;228424.439281044;518.452958299896;990.854473256323;410118.016155644,1.0,0.003285036690932,-0.00102026747855,-0.000314464474169,0.002571224565347,-3.50763637887493e-05,0.000318438037827,0.00319614669506,-0.000508229953426,0.000927554643415,-0.000845530870574,-0.001336083191761,-0.000288880154422,-0.002942333383661,0.002332708864171,0.001874327716348,0.001023576619564,0.003495379481013,0.001824671465612,-0.002454018245339,-0.046481435634958,0.004314880888828,-0.002447998443304,0.002067724863465,0.003217734418768,-0.00162340532178,-0.000506744391209,0.004201780494233,-0.002295967904264,0.000753399553604,0.000133185468796,0.002467020210646,0.002639398262506,0.002533249593245,-0.004330962504681,-0.003072373756701,-0.004113711211554,-0.003241441127253,-0.004455588983807,-0.002658402020596,0.009027409240297,5.6650962835031,4,0.98639798488665,5.85717876683092,3,0.994710327455919,5.82791426362869,3,0.994206549118388,5.6031385634411,4,0.986146095717884,5.61609948241931,2,0.991939546599496,0.002258772107607,2.646127583777,0.005213272834708,2.28288954583689,-0.192082483327819,0.003403728945022,2.46804503212691,0.007414324291094,2.12992842252108,-0.162817980125587,0.048027171354776,1.31851299114966,0.139211749444962,0.856324108807555,0.061957720062001,0.424482684703507,0.372140020593391,0.544164924679534,0.26426945503891,0.048996801083789,0.350669270918484,0.455102289593974,0.540953370586345,0.266840168848734,0.029264503202231,6.85826720252824e-05,4.1637855984974,0.000230904723857,3.63656718218001,0.254040203389819,0.026393945695126,1.57849568118846,0.054040208566091,1.26728298350405,0.241079284411607,4.5383793272022e-05,4.34309920769614,0.00018862341753,3.72440439074662,0.224775700187588,0.032106374813203,1.49340872861296,0.072184740651454,1.14155459953947,0.211814781209376,0.783644842495777,0.105880720340324,0.856868547458861,0.067085798254231,-0.012960918978212
6,FT0007,FT0007,69.0077393799745,79.9573054683303,,NI,79.9572269126377,79.957384024023,68.701926230691,69.3135525292579,2,11083;23425;26917;29058;31329;33567;35846;38169;40436;44663;46783;48876;50912;52964;55028;59382,238.3907;238.3974|36.3958947738183;36.3959379551488,1.0,0.002663704985848,0.000153171518365,-0.000641929727835,0.003195553477474,0.003998565778841,-0.001379465918568,0.002575062458199,0.001185672501678,0.000112665930601,0.001050869093146,-0.000618679722624,0.007245606032553,-0.005589813356107,0.002034527950642,-0.00198036006101,-0.007233557230132,-0.004269990691065,0.004905195000782,-0.003576039629243,-0.1821090329931,0.003618413510367,-0.000576860403951,-0.000459951747284,0.00606230518352,0.001888380681357,0.003196463996734,0.003514847386765,0.001070717431811,-0.000378652247055,-0.001580811984325,-0.000252915165345,-0.003642877948794,0.014351362526006,-0.00160911548244,0.010145653626883,0.001128287993739,0.003610825198119,-0.012470169458332,-0.004375337106318,-0.004627004359518,3.62917572132889,4,0.467254408060453,3.79373926343342,3,0.548110831234257,3.82994245765996,3,0.561209068010076,3.64002688607117,4,0.447607052896725,3.57677256384577,2,0.424181360201511,0.079737165743489,1.09833920539094,0.116797678936508,0.932565787660969,-0.16456354210453,0.029156581425006,1.53526339788802,0.047202465566245,1.32603531590301,-0.200766736331069,0.860539955754576,0.065228960129126,0.914309217735471,0.038906901809845,-0.010851164742286,0.582765851217671,0.234505904846869,0.687546064893585,0.162698199230214,0.052403157483119,0.504805258190753,0.296876130009295,0.665337565313306,0.176957955363945,-0.036203194226539,0.022349073963699,1.65074046719815,0.031274473505622,1.50480999276253,0.153712377362245,0.055037169954161,1.25934390589338,0.096765971974322,1.01427733671921,0.21696669958765,0.001783932183737,2.74862165937055,0.00349470904571,2.45658897588469,0.189915571588783,0.01167726241402,1.93265896012065,0.036266266823809,1.44049714751479,0.253169893814189,0.251350112085259,0.599720916769708,0.383258747968836,0.416507923489284,0.063254322225405
7,FT0008,FT0008,176.295605355151,87.0452345474185,Acetoin;Methyl propionate;Ethyl acetate,1,87.0451311835,87.045337911337,175.808080453699,176.783130256603,2,3;16221;29059;31330;33568;38170;40437;42561;44664;46784;50913;52965;55029;57245;59383,237.7108;237.7262;240.0787;240.2918;240.3533;241.3478;241.5079;242.2369;242.6444;243.791;243.9919;244.2068|81.7726590232553;72.6886653549741;45.655507482212;36.5403645884896;45.6812673219986;64.086722826886;36.6326433483209;55.0325616401949;36.7188032652734;36.8054593049635;41.4233509626285;36.8367150139136,1.0,-0.034896370675745,-0.00232804929574,0.017652845720631,-0.009914501860404,-0.022493015744714,0.01148846972039,-0.034736182501515,-0.009657134964621,-0.011058278618738,-0.012296216051782,-0.002871980423268,0.018006258538375,-0.023574473094382,-0.007386029880133,-0.013976520728913,0.000991114169869,0.018561942712013,-0.017251381296858,-0.006132402512011,-0.025013931881479,,,,,,,,,,,,,,,,,,,,,3.37304495316653,4,0.357682619647355,1.07128929931657,3,0.043828715365239,0.995532733046855,2,0.016624685138539,3.40889964898339,4,0.323929471032746,3.23756843556301,2,0.237531486146096,4.20364624961498e-05,4.37637383838697,0.000210977528712,3.67576379909092,2.30175565384996,0.000198969390601,3.70121373020086,0.000707726566569,3.15013450158623,2.37751222011968,0.772894130716396,0.111879990680045,0.854008316933202,0.068537899825506,-0.035854695816854,0.465636731346458,0.331952768066341,0.582779893898309,0.234495439948793,0.135476517603521,0.802364226475454,0.095628442637995,0.878929116390244,0.056046148364095,0.075756566269714,8.13413261534094e-06,5.0896887513264,5.06725633212844e-05,4.29522712594158,-2.33761034966682,0.001226090377509,2.91147751594588,0.006904367090369,2.16087612617416,-2.16627913624644,9.80110348010331e-05,4.00872502549722,0.000338513722113,3.47042372190555,-2.41336691593653,0.006185773394277,2.20860599371172,0.023981209464029,1.6201289175546,-2.24203570251616,0.087498649127763,1.05799865190211,0.20363743192398,0.691142388497188,0.171331213420374
8,FT0009,FT0009,193.690195065542,87.0450004429892,REF_Butyric acid;REF_Isobutyric acid;Acetoin,1,87.0449906814933,87.0450102044851,193.423813103941,193.956577027143,2,14441;19966;26918;29060;31331;33569;35847;38171;40438;42562;44665;48877;50914;55030;57246;59384,237.2901;237.711;240.9537;241.3491;241.8071;242.238;242.5124;242.65;242.9911;243.9907;244.2043|36.3113654801907;72.6865651823687;45.7384459848868;45.7758710757275;36.6553426365215;55.0316338035884;36.7087507956114;36.7191768591056;73.48994274289;55.2310744042245;36.8365921387124,1.0,-0.031261210525342,-0.001540912102882,0.020813389172554,-0.014109448814283,-0.013003739896791,0.013537945991944,-0.031187137145581,-0.008330272250377,-0.016511631151688,-0.00358628969596,-0.007860206246216,0.003119934022723,-0.007361850112955,0.001541171347448,0.007741748211137,0.001247586286538,0.0104131759394,-0.001027918635707,-0.009568866522512,0.023434838194854,-0.042603896317575,0.017377924799983,0.018051657866854,-0.023284287673941,-0.004519291257127,-0.018813480096335,-0.042322054183141,0.00590353053675,0.018319984061375,0.00348182976018,0.010747066121395,0.003916217461658,0.012372865313625,-0.011225908944323,-0.013800167371081,-0.005629674592091,-0.005937419294676,-0.003977336453986,-0.012273762619102,0.078947655883477,3.61733778297403,4,0.461964735516373,1.35560592555436,3,0.063979848866499,1.57145061495451,3,0.0455919395466,3.57134223838927,4,0.412090680100756,3.42828204148638,2,0.339546599496222,1.20159793341537e-06,5.92024082726657,2.24089272111794e-05,4.64957893406811,2.26173185741966,6.35091641039958e-06,5.19716360332786,5.93456179537101e-05,4.22661134358021,2.04588716801952,0.565582959286982,0.24750368407523,0.69988230062332,0.154974989253865,0.045995544584756,0.116740077745677,0.932780021797596,0.222517490951435,0.652635845693684,0.189055741487647,0.091060333215687,1.04067076481776,0.260554126683031,0.584102044042119,-0.215844689400144,3.11015336679956e-07,6.50721819466689,6.49096160863072e-06,5.18769095953459,-2.21573631283491,4.53107052137942e-05,4.34379917842827,0.001499029164156,2.82418991771278,-2.07267611593202,3.19183804563342e-06,5.49595915293288,3.42044266241527e-05,4.46591768534625,-1.99989162343476,0.000500842309868,3.30029899016881,0.007020996532404,2.15360124145874,-1.85683142653187,0.090522554017687,1.0432432012911,0.208175635819227,0.68157010022624,0.143060196902892
9,FT0010,FT0010,46.0037218111087,88.040464271218,Sarcosine;Ethyl carbamate;Alanine,1,88.0403555787594,88.0406425470049,45.1330808427094,47.0683067651764,16,4;1582;3027;4579;6170;7818;9445;11084;12762;14442;16222;18140;19967;21851;23426;25207,88.04206|591.66077015731,0.666666666666667,0.001791111900921,-0.00449210752799,-0.006919576377576,0.003168860658165,-0.00976673115244,-0.002245348702495,0.00176518144976,-0.004152905783534,0.010507294057973,-0.004927886701421,0.002986263554077,-0.003271377082642,-0.000968214265426,0.003369050887865,-0.003345699569361,-0.001497735615385,0.000208600069076,0.001216086000349,0.004411752049057,0.034655242995247,0.002218599056721,-0.012158481194954,-0.002553957543563,-0.002634076238647,-0.01423891272077,-0.00122679138697,0.002166149533745,-0.013347085287027,-0.008386082971536,0.006254462817567,-0.001042437587026,0.007766681347902,-0.001971340613004,-0.002061983157156,0.005997604228604,0.001529408480806,-0.006053553565309,-0.002324570082547,0.00753645323873,-0.057362896982931,4.83666930654866,4,0.924937027707809,5.15400288140059,3,0.965239294710327,4.70749453422033,3,0.901007556675063,4.78071771977176,4,0.923425692695214,4.77195037565497,2,0.940302267002519,0.00033016983725,3.48126260434455,0.001023947764805,2.98972219769179,-0.317333574851925,0.024116655252293,1.61768292481543,0.039779841409862,1.40033695260824,0.129174772328331,0.094205964290944,1.02592160063974,0.219776776539192,0.658018200692042,0.0559515867769,0.077777472288371,1.10914617521595,0.167540187186561,0.775881003671909,0.064718930893696,0.001169044934764,2.93216879547218,0.016682322661852,1.77774348313469,0.446508347180256,0.00021035372319,3.67704979671314,0.000548194551343,3.26106528534746,0.373285161628825,0.003588163827114,2.44512773631151,0.013283941594801,1.87667304252195,0.38205250574562,0.147309263449717,0.831769941965252,0.175981087549903,0.754534002720233,-0.073223185551431,0.311581357581779,0.506428534765729,0.411910554723111,0.385197079616108,-0.064455841434636,0.801193201850122,0.096262744365362,0.868397112497113,0.061281629285622,0.008767344116795
10,FT0011,FT0011,68.4411849549726,89.0247084933888,L-Lactic acid;Hydroxypropionic acid;Glyceraldehyde,1,89.0246903532123,89.024811641505,67.8873506884011,69.1819017950179,3,1583;3028;21852;26919;33570;35848;38172;40439;42563;44666;46785;48878;50915;52966;57247;59385,,0.0,0.007632105402215,-0.004430716436524,-0.010125007874466,0.004059373418148,-0.012412239397205,-0.002555423990343,0.007612618178791,-0.003986211623262,0.01472738452717,-0.006141991324302,0.003418178175606,0.001236420319258,-0.000754807726063,0.002395954001156,0.009251708406061,-0.005106019457811,-0.002109403680059,-0.003843473950402,0.008451632508384,-0.077492869189614,0.010091993079152,-0.015616606373774,-0.004035827690089,-0.004641102820334,-0.017690061994819,-0.002860175543284,0.009986406401466,-0.01755031348031,-0.011859181397207,0.007330787055541,-7.55569209417816e-05,0.00303300700523,0.004615031792577,-0.011261642695016,-0.003931975456976,0.007825176786758,0.010047086325996,0.00642926761927,0.010018990617349,0.045040016415841,4.02764955006396,4,0.658942065491184,4.77600499516172,3,0.910327455919395,4.22955877946146,3,0.751385390428212,3.94126029890774,4,0.609319899244332,4.09879143640595,2,0.730982367758186,1.11336574185629e-05,4.95336214601783,8.60811007968012e-05,4.0650921879263,-0.748355445097753,0.055658318474268,1.25446991852619,0.081854140141222,1.08695934930012,-0.201909229397495,0.105540890753223,0.976579244746947,0.238191541202211,0.623073665499892,0.086389251156226,0.221772895859886,0.654091532568152,0.340502669625909,0.467879478760723,-0.07114188634199,0.004074165087174,2.38996137715323,0.035783382846185,1.44631860502118,0.546446215700258,1.06079388018758e-05,4.97436899441482,6.09071203196236e-05,4.21533193339731,0.834744696253979,0.000640249908309,3.19365047505533,0.005007682143469,2.30036324523659,0.677213558755764,0.018397635556796,1.73523798843716,0.026582479001347,1.57540452051884,0.288298480553721,0.341267169178118,0.46690549001201,0.44285146779796,0.353741911547325,0.130767343055505,0.046657912925228,1.33107469171734,0.132682394676973,0.877186698852809,-0.157531137498216
11,FT0012,FT0012,49.2205931336928,89.0253549304215,Hydroxypropionic acid;Dihydroxyacetone;Dimethyl carbonate,1,89.0244973277667,89.0259499989057,48.9525368967662,49.9295310210821,3,1584;4580;21853;26920;31332;35849;38173;40440;42564;44667;46786;48879;50916;52967;57248;59386,78.96117;89.02547|115.20556867756;58.3838890956017,1.0,0.003763010414814,-0.004789992709775,-0.011885591206185,0.004328403143107,-0.011134222066333,0.003762739470915,0.00383205409126,-0.003993126295465,0.015141921334922,-0.008105937003818,-0.002100648862545,-0.000108335590601,0.000507691917162,-0.000207682288894,0.001388170635748,0.000542931035106,-0.002663944218034,-0.004313320917894,0.011094461086479,-0.050655844860424,0.004960911476087,-0.016221379659981,-0.007805530881844,-0.004161102068572,-0.014421992376636,-0.011927282044294,0.004988236454859,-0.016385214289778,-0.013758095318795,0.009102138430123,0.008669458287799,0.005293505938582,0.002154177577619,-0.000235663369086,0.000268620746639,0.00310207832258,0.002003756657103,0.011054402054405,0.015056234628376,-0.047271510817401,3.85999933723969,4,0.575314861460957,4.38654722701269,3,0.806297229219144,3.8515159700514,3,0.572544080604534,3.83366839826831,4,0.553400503778337,3.86327785135718,2,0.600755667506297,0.000313000611659,3.50445481376393,0.000981014937166,3.00832437989882,-0.526547889773002,0.944485908684877,0.024804517176825,0.952475663872419,0.021146111905299,0.008483367188283,0.562780517639869,0.249660945402094,0.69848801878257,0.155841038971765,0.026330938971372,0.968880041391069,0.013729990324789,0.979239756701259,0.009110962676586,-0.003278514117492,0.018647471664506,1.72938004410138,0.097843363306754,1.00946862710363,0.535031256961285,0.000142111073931,3.84737207858473,0.000400992445414,3.39686380929023,0.552878828744373,0.013241368601654,1.87806712475823,0.03217150143731,1.49252867019152,0.52326937565551,0.880310097913913,0.055364316383937,0.894294014406525,0.048519676011563,0.017847571783089,0.952656147654722,0.021063825618872,0.965312795502971,0.01533193707157,-0.011761881305775,0.698175093943207,0.156035647867814,0.788852349095044,0.103004276859015,-0.029609453088863
12,FT0013,FT0013,390.389402986146,92.0506184468551,Aniline;3-Methylpyridine;2-Methylpyridine,1,92.0505499411221,92.0506869525882,390.098260366299,390.680545605993,2,3029;21854;26921;29061;33571;35850;38174;40441;42565;44668;46787;48880;50917;52968;57249;59387,238.2213;238.6026;238.847;240.3305;240.5746;240.609;240.7879;241.0729;241.2816;241.4023;241.5007;242.992;243.1851|36.3825811645825;63.7197287102197;36.4302088681256;63.9499607321682;45.7019981100927;36.5644159525004;128.021996343267;36.5996405190856;36.6154543648406;36.6246886579916;36.6322191088784;36.7450809085881;55.1397072073655,1.0,0.004453405280909,-0.001930560395327,0.002687003634755,0.002791679764518,0.002466614796751,-0.000764814407594,0.004427017455941,-0.001662929317194,-0.003922378756083,-0.002722203845549,0.002255343462849,0.002004765962137,-0.004635103036131,-0.001727847793268,-0.003427090389804,0.001824108079074,0.008741024866202,0.002142952302864,-0.005685168322278,0.073610794674745,0.00566589775578,-0.002107252182876,0.007473967419499,0.005487937446557,0.002022023920954,0.00122383515505,0.005634081525538,-0.00175054788118,0.008496475605754,0.004486060182277,-0.003376944291025,0.003073802501605,0.007600689250794,0.003647286494825,-0.006218562136969,-0.00309134261681,-0.012861910301864,-0.005630732865924,-0.007333851761627,0.047912697812935,3.07435188463295,4,0.27455919395466,3.21719515668815,3,0.325692695214106,3.27047497514806,3,0.316372795969773,2.88174743698711,4,0.171536523929471,2.988312139746,2,0.145591939546599,0.090137329969258,1.04509531066256,0.130653774226778,0.883878040187034,-0.142843272055201,0.031992508649416,1.4949517039646,0.051120073499209,1.29140853043108,-0.196123090515117,0.014380021108156,1.84224047646018,0.059216266463125,1.22755897799328,0.192604447645841,0.285116210924575,0.544978089197243,0.407135306415251,0.390261234352481,0.086039744886944,0.462234844776884,0.335137319082081,0.628805960011797,0.201483350575569,-0.053279818459916,0.001759030617704,2.7547266011429,0.003248704539512,2.48828978471359,0.335447719701042,0.034458402084455,1.46270486565741,0.066311127617685,1.17841358686744,0.228883016942145,0.000761664248465,3.11823642914979,0.001725713568664,2.76303128618246,0.388727538160958,0.016395954900095,1.78526328495586,0.045130965664032,1.34552537381259,0.282162835402061,0.091694559220764,1.03765643281963,0.209569984529037,0.678670918667649,-0.106564702758897
13,FT0014,FT0014,43.321524540834,92.9282711967839,,NI,92.9279830238305,92.9313281901533,41.7318780742894,43.8133488076665,10,5;1585;3030;4582;6171;7819;9446;19968;21855;25208;42566;44669;46788;48881;50918;57250,92.928|889.607565868188,1.0,0.005980389208638,0.001348114975493,-0.001731916638562,0.000125627975888,0.006533870870293,0.002754596752793,0.005998945596466,0.002466281704397,-0.000718227271301,0.003034730270594,-0.004616485008512,0.001610097948055,-0.006371767404354,0.00147046927616,0.003551120126724,0.002208253708096,-0.001903206462389,0.010681401414684,-0.00516677492115,0.025242131783152,0.008160528233701,0.000154605531368,-0.00153004278456,0.002660226990956,0.008950937476806,-0.001309521075821,0.008147187209069,0.002722576196038,0.001025812536661,-0.006509938822628,0.005756214209837,0.001064726328269,0.006593862248883,-0.001695273478523,-0.001762956394956,-0.009263714652957,0.006806682972897,-0.018529929766931,-0.00257351197205,-0.139945043052579,3.95586980044487,4,0.624433249370277,4.28703376427426,3,0.771284634760705,4.42367471091535,3,0.82367758186398,3.94448452926258,4,0.609571788413098,4.01017998891496,2,0.681108312342569,0.005228461361978,2.28162609704392,0.010792720932448,1.96686905235332,-0.331163963829391,0.001081813157385,2.96584774082227,0.002820313426875,2.54970262501454,-0.467804910470474,0.839878727226852,0.075783418579139,0.89992237329368,0.045794950898659,0.011385271182295,0.535186902286415,0.271494523667624,0.644431908424953,0.190822964047662,-0.054310188470085,0.062758837199495,1.20232511165172,0.211494587849971,0.674700741749774,-0.136640946641084,0.00020786700712,3.6822144368964,0.000543863677359,3.26450994513645,0.342549235011686,0.013871301927393,1.857882775167,0.033134216998646,1.47972328785198,0.276853775359306,3.24472534532859e-05,4.48882205881937,0.0001501206067,3.82355968908895,0.479190181652769,0.003846120512179,2.41497711194511,0.01807312079538,1.74296684870148,0.413494722000389,0.051151357996793,1.29114283188956,0.141603235989727,0.84892682181275,-0.06569545965238
14,FT0015,FT0015,68.5063234091951,94.9807330288804,Silicic acid;Mesylate,1,94.9805080703864,94.9808452869445,66.8804778167136,69.7534996574154,16,6;1586;3031;4583;6172;7821;9447;11085;12763;14444;16223;18141;19970;21856;23427;25209,79.95834|15924.5326874293,1.0,0.000667626253948,-0.000110460291155,-0.001029183251182,0.001999029918937,0.004223682986577,-0.002883196156981,0.000603242159189,0.000890456218798,0.00036201206759,0.002377167235808,0.000671868723241,0.008705078935193,-0.009263052774344,0.001585062039167,-0.003061922253939,-0.008080776337277,-0.005228898462801,0.005024564367905,-0.001637203232988,0.006697272580858,0.000950498553792,-0.000737654653903,-0.001468419390565,0.004344777731087,0.002432687218277,0.00626512728855,0.000888853522228,0.00111452741396,-0.001088734141488,-0.003819588387569,-0.002998782132398,-0.001883497987352,0.019624241085175,-0.000943392961956,0.012411119545126,0.001291160708186,0.004170080592028,-0.013594399250183,-0.000830652110883,0.008446916367912,3.98362465936137,4,0.63551637279597,4.04626489735853,3,0.664231738035264,4.05256267358962,3,0.660453400503778,4.01907868603822,4,0.649874055415617,3.90379944611205,2,0.622166246851385,0.529847838768452,0.275848832797532,0.601628684662923,0.220671465478517,-0.062640237997165,0.44826319126443,0.348466921377476,0.49885923463487,0.302021983927077,-0.068938014228255,0.665625659205869,0.176769944775133,0.774828334484259,0.110794506067072,-0.035454026676849,0.474006129846481,0.324216041994083,0.588853754260127,0.229992551739558,0.079825213249315,0.928436560982556,0.032247765759918,0.958464879941497,0.018423795907513,-0.00629777623109,0.703285229478693,0.152868503620662,0.737787421855664,0.13206875310114,0.027186211320316,0.154351234950774,0.811489891415699,0.221698409100786,0.654237423354745,0.14246545124648,0.564232221344402,0.248542116421517,0.596899881971867,0.224098506983635,0.033483987551406,0.040725288878346,1.39013582640984,0.086142131035478,1.06478438860429,0.14876322747757,0.129600497413007,0.887393331618902,0.260844836751597,0.583617755424195,0.115279239926164
15,FT0016,FT0016,53.638746541534,96.9694780216894,Hydrogen phosphate;Hydrogen carbonate,2,96.9690925009004,96.9696104755301,51.6623897922885,54.865537407462,16,7;1587;3032;4584;6173;7822;9448;11086;12764;14445;16224;18142;19971;21857;23428;25210,62.77688;62.96475;78.72225;78.96013;79.21576;79.34403;79.40729;79.42582;79.46084;79.51285;79.95723;96.96679|424.899332291761;244858.769885425;5353.32675505355;2313729.4896289;474.676045273168;511.80226313603;5245.36740668666;4459.99577477066;2314.13445617074;1411.11826884653;6710.22538469757;6925.03513360447,1.0,0.003249030935712,-0.001111937855906,-0.000213790883613,0.002203759706308,0.000176378881691,0.000117006732045,0.003167623168984,-0.000638260687648,0.000701491270382,-0.000605537288293,-0.000981569553582,-0.00037789185964,-0.002623416996086,0.002839571017122,0.003068323645188,0.001390070454752,0.003666404253908,0.001666002813219,-0.002222615321169,-0.000196539411416,0.004252107757186,-0.002526018641931,0.002315419143697,0.002916373401488,-0.001075313071522,-0.000148347859051,0.00414777116584,-0.002394643232153,0.001156377612447,-0.000100658901608,0.001898318287417,0.002215269184518,0.001887914998691,-0.005682483035682,-0.004208636056416,-0.00472124126255,-0.00229862940578,-0.004036534925609,-0.002317728764743,5.25087744421185e-07,5.32397859126984,4,0.975314861460957,5.50761717652075,3,0.987153652392947,5.48085130400254,3,0.985390428211587,5.25415827358457,4,0.972292191435768,5.27310028797666,2,0.981360201511335,0.004440116624509,2.35260562251703,0.009379475042214,2.02782146787358,-0.183638585250909,0.004297124001759,2.36682211373463,0.009035214229246,2.04406154565133,-0.1568727127327,0.041340165702328,1.38362778693799,0.127113759700455,0.895807435767478,0.069820317685271,0.401786146797332,0.396005041388649,0.523152181956514,0.281371958990915,0.050878303293188,0.380251398684956,0.419929179799511,0.559965112992174,0.251839029613364,0.026765872518209,0.000107640148988,3.96802570978573,0.000325056816335,3.48804072251636,0.25345890293618,0.025525181513567,1.59303116089393,0.052532384970898,1.2795728817747,0.234516888544097,6.68439107679525e-06,5.17493814921466,5.29014184021819e-05,4.27653268342828,0.226693030417971,0.022234248042567,1.65297755371161,0.055251270511792,1.25765773085704,0.207751016025888,0.655649231380956,0.183328443578749,0.752592737525536,0.123439976911455,-0.018942014392083
16,FT0017,FT0017,79.2907652540755,99.0087699224871,Succinic anhydride,1,99.0087270614851,99.0088192485045,79.1625546299299,80.1768720440231,3,4585;6174;7824;26922;29062;31333;40442;42567;44670;46789;48882;50919;52969;55031;57251;59388,81.95373|173.38583949805,0.75,0.029087884983199,0.022350395164425,0.006957063909771,-0.022838669354361,0.020506577442822,0.031525212304072,0.029764633846965,0.019380333698323,-0.019375570875065,0.014393453737889,-0.031357020862429,-0.000694868167113,0.015223951609801,-0.005109388189236,-0.010537450960753,-0.007556460808889,-0.006264654574096,0.003915454215442,-0.005697455367852,-0.008505119805064,0.040297864380334,0.034739730514104,-0.002434719988648,-0.021051883227586,0.049667117020625,-0.035538379867154,0.040732709222527,0.03436231502457,0.016645266600697,-0.022153645156875,0.03882501288176,-0.028449672803934,-0.015643333433548,0.015814176472546,0.018943467598959,0.007985361732159,-0.004895716194338,-0.001004770207639,-0.013306009151304,-0.008049956209661,1.9033140337315,4,0.111083123425693,3.19954921760101,3,0.320906801007557,4.62291405972091,3,0.882115869017632,1.91609554444284,4,0.068513853904282,3.42521175297556,2,0.33727959697733,0.000130348171106,3.88489505796776,0.000497217657542,3.30345345678666,-1.29623518386951,2.66260082024377e-06,5.57469393854042,3.53874041447264e-05,4.45115129401604,-2.71960002598941,0.915385585756499,0.038395930531944,0.951988024382004,0.021368514827213,-0.012781510711335,0.000633622807152,3.19816919877684,0.007508903117587,2.12442349905057,-1.52189771924406,1.25916345679499e-05,4.89991788881489,0.001704646803923,2.76836559144985,-1.4233648421199,2.26256102625619e-05,4.64539969808568,0.000102999901264,3.98716319160921,1.28345367315817,0.100264991078028,0.998850680496004,0.15764436220981,0.802321556187569,-0.225662535374546,3.15493305603721e-07,6.50100985153937,8.56802025149832e-06,5.06711951567018,2.70681851527807,0.000542843845766,3.26532508141557,0.007020996532404,2.15360124145874,1.19770230674535,0.000161906247192,3.7907363935654,0.005415508037307,2.2663607952807,-1.50911620853272
17,FT0018,FT0018,104.294012021466,99.0087578370664,Succinic anhydride,1,99.0087569472026,99.0088998403553,103.968170284524,106.560164738499,3,4586;6175;7823;26923;29063;31334;40443;42568;44671;46790;48883;50920;52970;55032;57252;59389,,0.0,0.027076897459377,0.021504865386737,0.006811987162424,-0.020169803364851,0.009336368104028,0.028313506072621,0.027660035608617,0.017576202776942,-0.014777492753907,0.008818050803576,-0.026683552956952,-0.002423123406195,0.009558102027444,0.000621345297826,0.001413172094118,-0.001974724268307,-0.009222637240144,0.007797133076515,0.002568318385909,-0.00754914227398,0.037565068808088,0.033000960169885,-0.001783906672179,-0.024896139451074,0.032210508778939,-0.035473506500074,0.037886509978196,0.028997134894621,0.011725460373786,-0.014813526905024,0.035303038253632,-0.018845318276789,-0.013162617469695,0.001933668278945,0.009624896341646,-0.002598223427997,0.011286031561047,-0.004698636647813,0.002580596230859,-0.005302486550162,2.27369224745581,4,0.146095717884131,3.57602890154547,3,0.454911838790932,4.75029400301752,3,0.909823677581864,2.3195943666376,4,0.103778337531486,3.833075329551,2,0.582871536523929,3.92146496846124e-05,4.40655166031013,0.000201727212465,3.69523551266387,-1.30233665408966,5.78179362777909e-08,7.23793741386153,5.60332442548296e-06,5.25155423169661,-2.47660175556171,0.305266884296142,0.515320305912632,0.482484768591829,0.316516392208129,-0.045902119181797,1.49356903526042e-05,4.82577469877814,0.000889335531198,3.05093435617746,-1.55938308209519,0.000342430718929,3.46542728236253,0.008348431878516,2.07839509223656,-1.17426510147205,2.73431397082874e-05,4.56315161852844,0.000119225187248,3.92363198681564,1.25643453490786,0.149546662805365,0.825223273982621,0.215734102956867,0.666081196782979,-0.257046428005529,1.90617757367827e-09,8.71983664426621,5.03866271975624e-07,6.29768471166827,2.43069963637991,0.000170153232362,3.76915979629651,0.005888037884574,2.2300294043417,0.917218673466519,9.98772645410232e-07,6.00053336070402,0.000264142072289,3.57816241928556,-1.51348096291339
18,FT0019,FT0019,627.334355611221,100.933750071837,,NI,100.933635132151,100.933947160913,618.281688859427,629.562079745044,7,8;1588;3033;6176;14446;18143;25211;33572;38175;40444;42569;44672;48884;52971;55033;57253,83.93315;99.92782|2371.74958597657;1120.40557843163,1.0,0.00396690733008,-0.002053709611733,-0.003466937246757,0.0020511052017,0.001451756703799,0.001810003068135,0.003927497275234,-0.000910945595577,0.003236003899619,0.000199495597901,-0.003343831066276,-0.001123885704885,-0.00362666799242,-0.001514755309026,0.00506194113388,-0.000584040734059,-0.001222146163887,-0.000654747444158,0.003682709898091,0.022774085068981,0.005235603525958,-0.006005700741663,-0.000637053630859,0.002537520922145,0.001689187702918,-0.002179308364252,0.005176144086292,-0.004354972083494,-0.001320492843784,-0.002919057897827,0.005845445357852,0.003921496169833,0.003314555875167,-0.002567941302385,-0.003983564918131,0.002445546263241,0.00620214043038,0.001610871626405,0.005544817120488,0.028249229934159,4.8651289686814,4,0.929974811083123,5.13857944059325,3,0.964231738035265,5.0540660265567,3,0.959445843828715,4.80340692376817,4,0.928211586901763,4.7782350331478,2,0.941309823677582,0.001076398635872,2.96802686129259,0.002746794156762,2.56117388514871,-0.273450471911848,0.002846232572842,2.54572961550438,0.006376468645535,2.19541977149114,-0.188937057875296,0.059030857159368,1.2289209105467,0.160273043010123,0.795139517299283,0.061722044913232,0.018202526599705,1.73986832563295,0.059821217384792,1.22314475315495,0.086893935533603,0.213781679761049,0.67002951484094,0.404290402091464,0.393306568753372,0.084513414036552,0.000726668587083,3.13866361337385,0.001538095735956,2.81301663182754,0.33517251682508,0.008318482095061,2.07995591383914,0.023158747487652,1.63528493259187,0.36034440744545,0.001610752505588,2.79297118441905,0.003206141407961,2.4940173268531,0.250659102788528,0.010529179935942,1.97760545247684,0.033812734919794,1.47091970020324,0.275830993408898,0.509246710082664,0.293071768017656,0.625065303804682,0.204074607295197,0.025171890620371
19,FT0020,FT0020,644.618060443062,100.933807125243,,NI,100.933766400293,100.933890343975,644.177117710162,644.814100051193,3,4587;11087;16225;26924;29064;31335;35851;38176;40445;44673;46791;50921;52972;55034;57254;59390,83.93306;99.92976|445.158190061567;103.093156131334,1.0,0.007636503350894,-0.005160488341217,0.016986522744877,0.040956993324203,-0.026382105840653,0.015888310186643,0.006968280557303,-0.005669462536382,-0.008114443497874,-0.051935334152935,-0.002859617900673,-0.039299261764971,0.036303609908752,-0.042821264728302,-0.003159313760451,0.025020571926125,0.00301371123568,-0.019262391310306,-0.018290461184221,-0.01580161419558,0.009251778947843,-0.00111299866662,0.029935150606207,0.044577658428225,-0.053535180676635,-0.049550922904582,0.008532450387166,-0.007566173135159,0.017858475390318,0.078701952500709,0.028772298301572,0.034880522631074,-0.067840811066185,0.057920331969603,-0.054899956936896,0.032568619474069,0.004553759686662,0.056029767947574,-0.03989184778697,-0.018195084486136,4.0057829729663,4,0.647607052896725,4.18716268673033,3,0.730478589420655,4.15265739779031,3,0.71536523929471,3.57911026740948,4,0.416120906801008,3.66678433099448,2,0.481612090680101,0.744325265175672,0.128237239183391,0.79546055407205,0.099381351622166,-0.181379713764036,0.805360081674518,0.094009900353271,0.831789593412327,0.0799865174309,-0.146874424824016,0.476145716647161,0.322260118180166,0.630969046749429,0.199991945281452,0.426672705556811,0.661804301785063,0.179270414215387,0.751962634613204,0.123803739174942,0.338998641971816,0.938904044396535,0.027378790181707,0.966728895436872,0.014695300191391,0.03450528894002,0.275798640748154,0.559407878540991,0.316524346620162,0.499592879023797,0.608052419320847,0.414192887044404,0.382797363539838,0.492623395369197,0.307484966759049,0.520378355735852,0.335464324983451,0.474353658167501,0.369682059077093,0.43217162552341,0.573547130380827,0.500566092815883,0.300538571830652,0.597425556457355,0.22371620324008,0.485873066795833,0.904318166829586,0.043678744538001,0.93887206694922,0.027393581752259,-0.087674063584994
